id,first_name,last_name,id,gender,ip_address
1,Madison,Youngman,myoungman0@elegantthemes.com,Male,205.185.183.214
2,Janenna,Dahlborg,jdahlborg1@boston.com,Female,108.61.119.87
3,Gene,Pendlebury,gpendlebury2@wisc.edu,Female,204.116.169.101
4,Ingaberg,Quayle,iquayle3@dyndns.org,Female,104.105.108.222
5,Rosamond,Sundin,rsundin4@hexun.com,Female,207.110.243.84
6,Luigi,Anderl,landerl5@friendfeed.com,Male,219.198.2.78
7,Aleta,Cristofor,acristofor6@spotify.com,Female,86.110.135.45
8,Renault,Levin,rlevin7@dion.ne.jp,Male,34.255.53.186
9,Harriett,Alvarado,halvarado8@telegraph.co.uk,Female,73.240.5.160
10,Forester,Prestige,fprestige9@soup.io,Male,139.186.166.31
11,Clara,Wooland,cwoolanda@yolasite.com,Female,228.224.249.75
12,Raffarty,Grimbaldeston,rgrimbaldestonb@craigslist.org,Male,93.126.147.241
13,Liz,Jerzyk,ljerzykc@boston.com,Female,152.67.115.16
14,Eldridge,Connew,econnewd@privacy.gov.au,Male,71.82.126.18
15,Malissia,Howland,mhowlande@mac.com,Female,97.113.219.165
16,Spence,Spofforth,sspofforthf@aboutads.info,Male,152.203.197.186
17,Agosto,Blythe,ablytheg@digg.com,Male,21.93.160.181
18,Reina,Sowrey,rsowreyh@accuweather.com,Female,110.103.24.4
19,Cherish,Birchett,cbirchetti@cpanel.net,Female,67.193.128.66
20,Gerhard,Stebbins,gstebbinsj@mail.ru,Male,242.45.122.76
21,Stavros,Jeaycock,sjeaycockk@oaic.gov.au,Male,46.168.205.235
22,Stephana,Kirrens,skirrensl@blinklist.com,Female,144.129.57.75
23,Hallsy,Thebeau,hthebeaum@about.com,Male,31.6.232.46
24,Margette,Garnar,mgarnarn@xrea.com,Female,62.226.7.69
25,Quintus,Walby,qwalbyo@yellowbook.com,Male,151.20.155.10
26,Malory,Windley,mwindleyp@nih.gov,Female,194.78.127.142
27,Merry,Thom,mthomq@sohu.com,Male,241.116.5.71
28,Sergeant,Abrahamsson,sabrahamssonr@msu.edu,Male,39.125.50.156
29,Kaja,Jeandet,kjeandets@macromedia.com,Female,43.198.10.66
30,Sibella,Marty,smartyt@microsoft.com,Female,123.107.156.39
31,Emmy,Rouby,eroubyu@yellowpages.com,Female,186.77.203.191
32,Agustin,Glanfield,aglanfieldv@barnesandnoble.com,Male,253.221.96.92
33,Agace,Sheards,asheardsw@dot.gov,Female,0.24.155.100
34,Bridgette,Nalder,bnalderx@un.org,Female,166.87.48.118
35,Filip,Erickson,fericksony@google.de,Male,13.138.153.61
36,Steward,Penhale,spenhalez@ihg.com,Male,78.10.98.167
37,Jobina,MacVicar,jmacvicar10@hud.gov,Female,242.111.144.185
38,Darryl,Jeffries,djeffries11@artisteer.com,Female,159.137.224.121
39,Herc,Brind,hbrind12@csmonitor.com,Male,110.174.105.35
40,Sharleen,Buckam,sbuckam13@ifeng.com,Female,105.27.23.12
41,Chiquita,Gorstidge,cgorstidge14@pagesperso-orange.fr,Female,82.200.121.214
42,Marcile,Krzyzanowski,mkrzyzanowski15@hc360.com,Female,249.219.37.161
43,Hayyim,Cowper,hcowper16@symantec.com,Male,169.17.41.110
44,Hirsch,Maben,hmaben17@tripadvisor.com,Male,106.28.122.178
45,Federica,McIlheran,fmcilheran18@angelfire.com,Female,52.55.75.169
46,Corbett,Santostefano.,csantostefano19@people.com.cn,Male,196.19.154.37
47,Dalis,Reubel,dreubel1a@photobucket.com,Male,52.80.131.110
48,Jesselyn,Arunowicz,jarunowicz1b@cocolog-nifty.com,Female,1.50.120.123
49,Lesley,Frankling,lfrankling1c@earthlink.net,Male,184.91.110.221
50,Orion,Drinkhill,odrinkhill1d@typepad.com,Male,206.158.91.81
51,Cazzie,Ferrettino,cferrettino1e@buzzfeed.com,Male,111.84.232.101
52,Johnna,Sevior,jsevior1f@dyndns.org,Female,126.35.68.60
53,Pincas,Trewman,ptrewman1g@seattletimes.com,Male,255.57.61.141
54,Stefanie,McKee,smckee1h@surveymonkey.com,Female,129.86.72.114
55,Elisabet,Frenzl,efrenzl1i@wikimedia.org,Female,153.229.92.145
56,William,Rodwell,wrodwell1j@nsw.gov.au,Male,182.179.212.26
57,Roy,McTerlagh,rmcterlagh1k@people.com.cn,Male,44.240.204.7
58,Siegfried,Pickard,spickard1l@nsw.gov.au,Male,211.84.152.211
59,Vachel,Sushams,vsushams1m@g.co,Male,210.220.247.104
60,Dieter,Dupree,ddupree1n@biglobe.ne.jp,Male,228.74.206.219
61,Dehlia,Maulkin,dmaulkin1o@hibu.com,Female,23.160.153.108
62,Aloisia,Lenglet,alenglet1p@ucla.edu,Female,23.60.64.131
63,Frederic,Banbrigge,fbanbrigge1q@gizmodo.com,Male,16.30.115.115
64,Nero,Paydon,npaydon1r@behance.net,Male,172.39.16.131
65,Davie,Openshaw,dopenshaw1s@nhs.uk,Male,69.162.57.231
66,Ellery,Gosby,egosby1t@ft.com,Male,138.158.218.46
67,Teena,Kearns,tkearns1u@unblog.fr,Female,123.193.135.121
68,Aridatha,Kanter,akanter1v@artisteer.com,Female,233.92.218.177
69,Brynne,Murrell,bmurrell1w@bbc.co.uk,Female,249.90.39.128
70,Idell,Rouzet,irouzet1x@biblegateway.com,Female,96.218.100.141
71,Beitris,Doncom,bdoncom1y@github.com,Female,141.73.126.191
72,Kristofer,Neilus,kneilus1z@wufoo.com,Male,135.177.242.93
73,Seth,Entwisle,sentwisle20@google.co.jp,Male,126.39.148.246
74,Anabal,Dy,ady21@csmonitor.com,Female,53.162.114.218
75,Alfreda,Firks,afirks22@scribd.com,Female,115.146.139.214
76,Ogden,MacKimm,omackimm23@wired.com,Male,154.119.252.212
77,Wait,Cicco,wcicco24@blogspot.com,Male,253.163.48.228
78,Alfy,Pallent,apallent25@xrea.com,Male,176.85.106.109
79,Willi,Fetherstone,wfetherstone26@prlog.org,Female,178.70.161.17
80,Iago,Smitham,ismitham27@amazon.de,Male,201.181.113.76
81,Charlena,Edbrooke,cedbrooke28@amazon.co.uk,Female,53.249.57.147
82,Timothea,Sulter,tsulter29@multiply.com,Female,225.59.110.15
83,Malanie,Tamlett,mtamlett2a@discovery.com,Female,77.175.170.120
84,Rogerio,Hebbron,rhebbron2b@mit.edu,Male,159.234.147.251
85,Alistair,Vise,avise2c@ovh.net,Male,19.152.64.178
86,Vassily,Spier,vspier2d@etsy.com,Male,48.188.108.238
87,Malina,Choulerton,mchoulerton2e@shutterfly.com,Female,130.229.69.89
88,Glen,Lynde,glynde2f@jiathis.com,Male,150.252.129.92
89,Dolph,Rubinowitz,drubinowitz2g@w3.org,Male,185.127.104.203
90,Sumner,Kezor,skezor2h@bizjournals.com,Male,105.250.36.241
91,Pierson,Allan,pallan2i@ucoz.com,Male,145.144.234.203
92,Sayers,Ollerhad,sollerhad2j@epa.gov,Male,81.130.227.6
93,Daune,Carmen,dcarmen2k@gov.uk,Female,11.135.180.93
94,Lorena,Wheelwright,lwheelwright2l@cnbc.com,Female,111.31.193.21
95,Gaylor,Braemer,gbraemer2m@imdb.com,Male,81.197.105.25
96,Curr,Linneman,clinneman2n@apple.com,Male,15.185.110.57
97,Alphard,Frisel,afrisel2o@weather.com,Male,31.128.139.127
98,Crystal,Sandall,csandall2p@ifeng.com,Female,129.3.32.160
99,Kane,Clemo,kclemo2q@vkontakte.ru,Male,230.103.163.113
100,Jonell,Blakeston,jblakeston2r@netlog.com,Female,6.30.230.29
101,Carlyle,Garford,cgarford2s@google.com.hk,Male,4.163.43.71
102,Antony,Hinkley,ahinkley2t@yahoo.com,Male,197.177.142.85
103,Malva,Cregeen,mcregeen2u@over-blog.com,Female,90.131.237.180
104,Catherina,Churchin,cchurchin2v@oakley.com,Female,6.92.57.178
105,Ashly,Audritt,aaudritt2w@amazon.com,Female,180.123.131.67
106,Bink,Bruhnke,bbruhnke2x@apache.org,Male,169.149.41.60
107,Remy,Souster,rsouster2y@prweb.com,Female,195.110.204.185
108,Sloane,Burchall,sburchall2z@java.com,Male,174.21.17.156
109,Wendeline,Danes,wdanes30@gmpg.org,Female,92.56.142.94
110,Shari,Killigrew,skilligrew31@go.com,Female,109.11.63.53
111,Kin,Ivetts,kivetts32@dot.gov,Male,131.74.19.121
112,Clare,Hyndson,chyndson33@over-blog.com,Female,161.45.171.115
113,Alison,Heindrich,aheindrich34@dot.gov,Female,193.252.52.46
114,Regan,Lampart,rlampart35@google.de,Male,51.171.113.99
115,Worthy,Carlyon,wcarlyon36@gmpg.org,Male,198.211.93.163
116,Brantley,Postans,bpostans37@ebay.com,Male,43.1.242.32
117,Winifred,Lewty,wlewty38@deviantart.com,Female,219.234.136.204
118,Moise,Rittmeyer,mrittmeyer39@github.io,Male,98.72.165.240
119,Dorisa,Brodway,dbrodway3a@macromedia.com,Female,113.107.190.192
120,Maxie,Staves,mstaves3b@google.co.jp,Female,38.234.249.226
121,Devin,Spowart,dspowart3c@bizjournals.com,Female,49.77.52.8
122,Alfreda,Goadby,agoadby3d@macromedia.com,Female,225.140.244.56
123,Roscoe,Whether,rwhether3e@wp.com,Male,19.72.76.139
124,Nicol,Jotcham,njotcham3f@typepad.com,Male,5.142.218.14
125,Mohandis,Gaddesby,mgaddesby3g@miitbeian.gov.cn,Male,68.157.81.221
126,Shirleen,Ismead,sismead3h@parallels.com,Female,247.138.171.161
127,Anissa,Trinder,atrinder3i@wordpress.org,Female,64.40.239.63
128,Ginger,Bau,gbau3j@disqus.com,Male,33.27.103.45
129,Prince,Holyland,pholyland3k@friendfeed.com,Male,115.184.22.119
130,Homerus,Jimenez,hjimenez3l@drupal.org,Male,173.12.80.201
131,Kerwin,Peddowe,kpeddowe3m@fema.gov,Male,163.122.233.88
132,Hilda,McGillivrie,hmcgillivrie3n@flickr.com,Female,49.81.156.230
133,Ophelia,Habbert,ohabbert3o@reference.com,Female,241.85.180.26
134,Jeremy,Stilling,jstilling3p@google.com.hk,Male,60.55.154.244
135,Estrellita,Brimilcombe,ebrimilcombe3q@wsj.com,Female,149.53.192.202
136,Stevena,Blaszczynski,sblaszczynski3r@nsw.gov.au,Female,92.169.192.175
137,Broderick,Goodoune,bgoodoune3s@typepad.com,Male,124.241.184.80
138,Rebekah,Dominighi,rdominighi3t@taobao.com,Female,119.200.203.77
139,Nevile,Stump,nstump3u@liveinternet.ru,Male,9.213.20.57
140,Eva,Wheeliker,ewheeliker3v@google.co.uk,Female,65.135.41.27
141,Drugi,Sawl,dsawl3w@miitbeian.gov.cn,Male,143.181.255.21
142,Penny,Bourne,pbourne3x@free.fr,Male,207.186.73.130
143,Maure,Hebborn,mhebborn3y@cdbaby.com,Female,18.74.109.175
144,Leighton,Chitham,lchitham3z@51.la,Male,101.164.113.13
145,Agosto,Onians,aonians40@cbsnews.com,Male,179.248.179.87
146,Sumner,Munnery,smunnery41@ovh.net,Male,3.65.183.163
147,Raff,Clother,rclother42@sciencedirect.com,Male,49.53.171.143
148,Jordan,Charlesworth,jcharlesworth43@cnn.com,Male,119.26.137.98
149,Aile,Turpin,aturpin44@si.edu,Female,5.105.227.205
150,Mano,Norsworthy,mnorsworthy45@biblegateway.com,Male,177.188.149.250
151,Lynne,Greasley,lgreasley46@yellowpages.com,Female,116.67.230.104
152,Jameson,Canedo,jcanedo47@printfriendly.com,Male,230.132.248.128
153,Arny,Newlyn,anewlyn48@acquirethisname.com,Male,91.37.136.240
154,Corabelle,Beecheno,cbeecheno49@tumblr.com,Female,191.200.220.154
155,Byran,Matthessen,bmatthessen4a@youku.com,Male,208.246.0.234
156,Whitby,Gloster,wgloster4b@yandex.ru,Male,142.161.103.221
157,Vance,Dymocke,vdymocke4c@slideshare.net,Male,212.195.158.81
158,Katharine,Soule,ksoule4d@sbwire.com,Female,234.68.223.17
159,Bat,Dunderdale,bdunderdale4e@oakley.com,Male,233.251.194.255
160,Pansy,Bellard,pbellard4f@netlog.com,Female,131.179.138.120
161,Cristina,Stuart,cstuart4g@archive.org,Female,56.156.216.166
162,Jameson,Kaindl,jkaindl4h@about.com,Male,248.221.231.20
163,Marcelline,Hadwick,mhadwick4i@nba.com,Female,37.123.150.110
164,Yvor,Goalby,ygoalby4j@google.com.hk,Male,196.238.12.142
165,Sigvard,Cruikshank,scruikshank4k@usatoday.com,Male,161.206.124.122
166,Pace,Saenz,psaenz4l@tuttocitta.it,Male,123.201.60.207
167,Dulcie,Dumphry,ddumphry4m@51.la,Female,88.169.160.170
168,Genvieve,Jahncke,gjahncke4n@google.pl,Female,173.111.253.76
169,Kattie,Keelan,kkeelan4o@jimdo.com,Female,90.59.175.190
170,Elaine,Tutchener,etutchener4p@ezinearticles.com,Female,209.174.206.147
171,Luisa,Twizell,ltwizell4q@si.edu,Female,11.62.135.116
172,Jaime,MacGinlay,jmacginlay4r@drupal.org,Male,8.208.59.86
173,Rhodie,De Gregario,rdegregario4s@chicagotribune.com,Female,197.174.217.19
174,Barclay,Hould,bhould4t@4shared.com,Male,208.168.137.235
175,Antoine,Klementz,aklementz4u@uol.com.br,Male,198.16.246.148
176,Ernesta,Colten,ecolten4v@topsy.com,Female,22.107.35.239
177,Dagmar,Sillick,dsillick4w@printfriendly.com,Female,195.226.161.36
178,Virge,Danielczyk,vdanielczyk4x@go.com,Male,214.59.224.223
179,Rossy,Kennermann,rkennermann4y@wikia.com,Male,6.180.67.128
180,Jaime,Housegoe,jhousegoe4z@dailymotion.com,Male,124.30.171.82
181,Sianna,Bonifacio,sbonifacio50@seattletimes.com,Female,47.235.175.127
182,Ethelda,Carpmile,ecarpmile51@twitter.com,Female,20.125.48.135
183,Reyna,MacNeil,rmacneil52@github.io,Female,202.29.21.173
184,Joaquin,Kirke,jkirke53@cbc.ca,Male,99.102.29.181
185,Ara,Speight,aspeight54@reference.com,Female,16.86.63.118
186,Elliot,Otridge,eotridge55@ycombinator.com,Male,59.206.165.96
187,Evered,Searight,esearight56@army.mil,Male,238.25.217.122
188,Justin,Ziehms,jziehms57@i2i.jp,Male,137.226.211.107
189,Jeffrey,Ruppeli,jruppeli58@wikia.com,Male,50.23.175.186
190,Imojean,Haton,ihaton59@soup.io,Female,23.222.58.159
191,Sutherlan,Vasyaev,svasyaev5a@epa.gov,Male,177.190.35.51
192,Torre,Varfalameev,tvarfalameev5b@gravatar.com,Male,115.224.239.160
193,Nanice,Liddall,nliddall5c@redcross.org,Female,33.57.200.217
194,Standford,Drever,sdrever5d@irs.gov,Male,9.110.68.144
195,Karita,Attril,kattril5e@wordpress.com,Female,247.64.186.199
196,Trey,Rivenzon,trivenzon5f@paypal.com,Male,155.66.177.52
197,Gena,Dimanche,gdimanche5g@rambler.ru,Female,255.64.253.219
198,Carny,Coomes,ccoomes5h@mozilla.com,Male,129.119.66.235
199,Garv,Kennon,gkennon5i@google.it,Male,13.139.60.61
200,Nydia,Toye,ntoye5j@weather.com,Female,49.44.62.15
201,Erie,Stonebanks,estonebanks5k@wufoo.com,Male,227.25.112.106
202,Berty,Larenson,blarenson5l@soup.io,Female,192.51.227.76
203,Tony,Moyce,tmoyce5m@arizona.edu,Female,167.49.148.68
204,Stacey,Zorzin,szorzin5n@hp.com,Female,70.107.24.108
205,Rachael,Howey,rhowey5o@skype.com,Female,181.135.241.23
206,Gar,Mortel,gmortel5p@theatlantic.com,Male,24.92.229.136
207,Beckie,Hitzmann,bhitzmann5q@multiply.com,Female,101.92.118.137
208,Perl,Gierke,pgierke5r@4shared.com,Female,250.1.160.85
209,Siffre,Goodsal,sgoodsal5s@youtu.be,Male,3.253.90.5
210,Andy,Vaissiere,avaissiere5t@gizmodo.com,Female,255.230.197.27
211,Ennis,Rignall,erignall5u@huffingtonpost.com,Male,57.28.164.183
212,Kellen,Hartfield,khartfield5v@google.cn,Male,224.70.111.207
213,Gallagher,Blumsom,gblumsom5w@reference.com,Male,176.172.159.139
214,Meyer,De Ath,mdeath5x@hud.gov,Male,230.255.22.31
215,Neely,Aberdein,naberdein5y@harvard.edu,Female,207.89.216.166
216,Broddie,Chamberlaine,bchamberlaine5z@cam.ac.uk,Male,227.160.14.236
217,Maren,Vittore,mvittore60@miitbeian.gov.cn,Female,27.78.162.2
218,Salvatore,Hargroves,shargroves61@abc.net.au,Male,92.70.154.23
219,Christabella,Roylance,croylance62@comcast.net,Female,94.67.59.143
220,Florence,Hymer,fhymer63@xing.com,Female,91.64.119.175
221,Tarrance,Gloster,tgloster64@techcrunch.com,Male,254.7.57.247
222,Cordell,Odam,codam65@a8.net,Male,150.96.142.114
223,Harry,Belloch,hbelloch66@phoca.cz,Male,233.159.57.151
224,Jakob,Hackly,jhackly67@gov.uk,Male,218.154.37.7
225,Gifford,Ikringill,gikringill68@blogs.com,Male,93.103.73.109
226,Edi,Brugman,ebrugman69@marriott.com,Female,139.194.201.93
227,Arni,Zmitruk,azmitruk6a@123-reg.co.uk,Male,205.21.184.86
228,Elbertine,MacDermand,emacdermand6b@independent.co.uk,Female,61.236.195.125
229,Tandy,Drillingcourt,tdrillingcourt6c@umich.edu,Female,73.170.29.162
230,Rafi,Clawsley,rclawsley6d@discovery.com,Male,61.117.14.176
231,Sigmund,Abbett,sabbett6e@imageshack.us,Male,139.149.243.146
232,Killy,Shopcott,kshopcott6f@ustream.tv,Male,58.252.26.253
233,Nealy,Raoult,nraoult6g@opera.com,Male,156.177.31.189
234,Heather,Postill,hpostill6h@mapy.cz,Female,203.150.136.146
235,Urbanus,Feehan,ufeehan6i@artisteer.com,Male,56.150.214.148
236,Olav,Parr,oparr6j@cbsnews.com,Male,1.165.167.233
237,Abbi,Bindon,abindon6k@t.co,Female,195.251.142.249
238,Phelia,Lait,plait6l@ucsd.edu,Female,116.255.131.204
239,Merry,Boken,mboken6m@tmall.com,Female,102.228.197.18
240,Ring,Duffrie,rduffrie6n@huffingtonpost.com,Male,192.194.208.224
241,Bess,Luckey,bluckey6o@macromedia.com,Female,140.104.26.131
242,Ricca,Izhaky,rizhaky6p@privacy.gov.au,Female,69.125.149.82
243,Collette,Rase,crase6q@chicagotribune.com,Female,208.199.67.136
244,Gusella,Gobeaux,ggobeaux6r@nature.com,Female,26.166.103.10
245,Maude,Purkins,mpurkins6s@ucsd.edu,Female,179.8.103.247
246,Wylie,Sweeten,wsweeten6t@soup.io,Male,65.228.136.153
247,Meghan,Felkin,mfelkin6u@geocities.jp,Female,252.212.11.10
248,Crin,Waldock,cwaldock6v@cnbc.com,Female,86.28.173.145
249,Brice,Jacobssen,bjacobssen6w@amazon.de,Male,43.204.191.73
250,Brooks,Wane,bwane6x@sfgate.com,Male,71.114.154.220
251,Gaylord,Trittam,gtrittam6y@seattletimes.com,Male,75.206.105.117
252,Tory,Aizikov,taizikov6z@si.edu,Female,242.97.144.86
253,Frankie,Raatz,fraatz70@360.cn,Male,202.218.137.61
254,Page,Matterson,pmatterson71@examiner.com,Male,69.163.203.226
255,Carroll,Teager,cteager72@howstuffworks.com,Female,249.109.141.220
256,Ferdinande,Hentze,fhentze73@unesco.org,Female,225.87.139.98
257,Markos,Butfield,mbutfield74@reference.com,Male,37.103.166.199
258,Debbie,Percival,dpercival75@live.com,Female,107.181.0.114
259,Gratiana,Dunster,gdunster76@lycos.com,Female,117.199.199.224
260,Ezechiel,Vaisey,evaisey77@europa.eu,Male,228.96.152.102
261,Frederique,Tomet,ftomet78@psu.edu,Female,221.246.252.69
262,Addison,Andrich,aandrich79@pagesperso-orange.fr,Male,186.62.252.34
263,Forbes,Ruske,fruske7a@slate.com,Male,175.200.118.144
264,Milly,Healing,mhealing7b@umn.edu,Female,181.11.66.127
265,Berkie,Condit,bcondit7c@phpbb.com,Male,11.22.69.77
266,Tobye,Ginity,tginity7d@last.fm,Female,27.24.103.123
267,Wilhelm,Staker,wstaker7e@marriott.com,Male,39.21.160.207
268,Berky,Longfield,blongfield7f@1688.com,Male,91.199.106.150
269,Constantin,Scarratt,cscarratt7g@163.com,Male,197.31.103.203
270,Moise,Evert,mevert7h@wikia.com,Male,115.53.214.71
271,Jacobo,Churly,jchurly7i@sohu.com,Male,54.100.1.54
272,Genvieve,Taylder,gtaylder7j@sina.com.cn,Female,36.33.25.38
273,Richard,O'Rafferty,rorafferty7k@hao123.com,Male,236.113.161.105
274,Rutherford,Birdsall,rbirdsall7l@infoseek.co.jp,Male,104.134.36.210
275,Peder,Berthomieu,pberthomieu7m@google.com.au,Male,208.96.235.123
276,Eberto,Camus,ecamus7n@fc2.com,Male,229.246.159.35
277,Linc,Cornforth,lcornforth7o@ucla.edu,Male,147.204.222.55
278,Ephrayim,Beadham,ebeadham7p@ycombinator.com,Male,231.97.216.178
279,Emmie,Forsdike,eforsdike7q@hatena.ne.jp,Female,99.95.81.102
280,Lizzie,Theobald,ltheobald7r@cnet.com,Female,234.124.36.99
281,Madeleine,Kelland,mkelland7s@tumblr.com,Female,238.202.130.90
282,Hildagarde,Paulig,hpaulig7t@yellowpages.com,Female,178.46.166.155
283,Maxy,Hirtz,mhirtz7u@wired.com,Female,9.93.218.94
284,Lyman,Wetwood,lwetwood7v@furl.net,Male,246.170.35.102
285,Karlik,Varcoe,kvarcoe7w@ovh.net,Male,46.1.156.103
286,Derrick,Hollows,dhollows7x@godaddy.com,Male,27.9.28.159
287,Lydon,Domoni,ldomoni7y@princeton.edu,Male,44.51.181.18
288,Berti,Asp,basp7z@typepad.com,Male,98.96.219.69
289,Nikos,Norley,nnorley80@europa.eu,Male,194.125.120.51
290,Bibbye,Jorioz,bjorioz81@amazon.com,Female,104.15.172.223
291,Hannis,Woodford,hwoodford82@google.com.hk,Female,236.50.105.191
292,Marvin,Adair,madair83@cdc.gov,Male,65.153.67.177
293,Nat,Juszczyk,njuszczyk84@weibo.com,Male,233.104.233.247
294,Wenda,McEttigen,wmcettigen85@google.nl,Female,131.201.230.212
295,Cherise,Demicoli,cdemicoli86@loc.gov,Female,85.132.215.11
296,Errol,Rominov,erominov87@msn.com,Male,26.83.36.6
297,Lawry,Dods,ldods88@amazonaws.com,Male,175.123.39.83
298,Hilarius,Coleford,hcoleford89@godaddy.com,Male,225.104.5.75
299,Rosco,Tibbles,rtibbles8a@pen.io,Male,242.223.194.203
300,Jackelyn,Mariyushkin,jmariyushkin8b@netlog.com,Female,75.159.162.41
301,Madelena,Cawdron,mcawdron8c@edublogs.org,Female,3.128.105.94
302,Drud,Dominey,ddominey8d@hubpages.com,Male,240.74.123.156
303,Derrik,Sille,dsille8e@constantcontact.com,Male,37.200.88.146
304,Remington,Buncom,rbuncom8f@nymag.com,Male,174.141.156.76
305,Brendan,Clucas,bclucas8g@delicious.com,Male,28.195.49.14
306,Alex,Martinetto,amartinetto8h@shutterfly.com,Male,7.181.203.105
307,Aylmer,Headan,aheadan8i@telegraph.co.uk,Male,248.139.84.140
308,Hedi,Rheaume,hrheaume8j@studiopress.com,Female,155.88.63.160
309,Freddi,Ralfe,fralfe8k@wufoo.com,Female,102.160.183.153
310,Percy,Kohn,pkohn8l@vinaora.com,Male,73.169.91.95
311,Garrick,Jirak,gjirak8m@slashdot.org,Male,227.10.59.13
312,Xylia,Woodley,xwoodley8n@eepurl.com,Female,149.27.193.231
313,Jess,Parks,jparks8o@hud.gov,Female,248.121.104.227
314,Gertrude,Radmore,gradmore8p@skyrock.com,Female,241.177.50.116
315,Tamar,Downer,tdowner8q@ucoz.com,Female,83.97.62.150
316,Doria,Whissell,dwhissell8r@vinaora.com,Female,8.116.255.65
317,Paolina,Chelam,pchelam8s@archive.org,Female,217.40.45.200
318,Farris,Cochran,fcochran8t@csmonitor.com,Male,238.121.223.221
319,Guilbert,Kenchington,gkenchington8u@bbc.co.uk,Male,52.0.111.182
320,Quintus,Gullis,qgullis8v@sciencedirect.com,Male,14.50.151.197
321,Ranee,Basill,rbasill8w@apache.org,Female,89.79.80.48
322,Abigail,Teligin,ateligin8x@businesswire.com,Female,251.61.114.246
323,Blondie,Chettoe,bchettoe8y@amazon.de,Female,245.179.64.54
324,Moishe,Senior,msenior8z@fc2.com,Male,109.177.27.208
325,Fransisco,Pleasaunce,fpleasaunce90@artisteer.com,Male,147.240.16.169
326,Bird,Curtis,bcurtis91@ftc.gov,Female,106.141.29.54
327,Olympe,Moyce,omoyce92@cisco.com,Female,22.125.70.241
328,Keefer,Karle,kkarle93@de.vu,Male,252.173.68.83
329,Letta,Grichukhin,lgrichukhin94@squidoo.com,Female,66.108.251.79
330,Dix,Auty,dauty95@flickr.com,Female,141.180.124.135
331,Tessi,Margetts,tmargetts96@nih.gov,Female,77.188.70.19
332,Zeb,Kinworthy,zkinworthy97@vinaora.com,Male,240.224.53.126
333,Roger,Saffell,rsaffell98@dailymotion.com,Male,83.243.139.187
334,Ab,Crellim,acrellim99@eventbrite.com,Male,18.61.96.89
335,Essa,Lingard,elingard9a@netvibes.com,Female,89.39.174.130
336,Gregory,Trase,gtrase9b@kickstarter.com,Male,163.61.144.104
337,Jordan,Joderli,jjoderli9c@dell.com,Male,72.126.202.82
338,Laughton,Gracewood,lgracewood9d@npr.org,Male,62.31.190.134
339,Bonnee,Gimber,bgimber9e@unesco.org,Female,97.148.212.121
340,Rik,Ottosen,rottosen9f@51.la,Male,174.218.98.204
341,Miles,Flury,mflury9g@yelp.com,Male,175.74.160.217
342,Roth,Hastie,rhastie9h@amazon.co.uk,Male,12.84.181.150
343,Adore,Chomicki,achomicki9i@deliciousdays.com,Female,84.248.96.104
344,Dru,Routledge,droutledge9j@wikispaces.com,Female,15.149.81.233
345,Trish,Probyn,tprobyn9k@aol.com,Female,119.212.213.6
346,Kathleen,Lamb-shine,klambshine9l@nasa.gov,Female,44.193.165.199
347,Arlie,Fancy,afancy9m@shareasale.com,Female,16.253.6.188
348,Ricoriki,Lawles,rlawles9n@nih.gov,Male,55.120.224.119
349,Maisie,Millwall,mmillwall9o@alibaba.com,Female,219.177.131.147
350,Darius,Beisley,dbeisley9p@smugmug.com,Male,228.17.142.141
351,Clarette,Gartell,cgartell9q@noaa.gov,Female,171.129.119.174
352,Nerissa,Vasyutkin,nvasyutkin9r@homestead.com,Female,50.72.255.2
353,Kristoffer,Rhodes,krhodes9s@alexa.com,Male,118.174.64.151
354,Tadd,Blanque,tblanque9t@google.cn,Male,0.56.203.112
355,Waylin,Grabham,wgrabham9u@ehow.com,Male,54.173.204.41
356,Nefen,Winfindale,nwinfindale9v@pbs.org,Male,4.222.101.2
357,Sebastiano,Parke,sparke9w@ed.gov,Male,58.72.28.188
358,Stanleigh,Ivachyov,sivachyov9x@dmoz.org,Male,147.77.87.175
359,Francyne,Hasel,fhasel9y@wiley.com,Female,85.49.27.38
360,Robbi,Bradman,rbradman9z@photobucket.com,Female,32.16.60.201
361,Tanney,Landrean,tlandreana0@kickstarter.com,Male,222.187.13.156
362,Micah,Jowers,mjowersa1@diigo.com,Male,109.208.70.2
363,Jayme,Fullwood,jfullwooda2@walmart.com,Female,32.237.37.194
364,Elsbeth,Machin,emachina3@facebook.com,Female,73.43.127.134
365,Daffie,Grainge,dgraingea4@cam.ac.uk,Female,189.98.36.247
366,Nathanil,McCart,nmccarta5@woothemes.com,Male,253.47.111.189
367,Sheri,Ferneley,sferneleya6@usda.gov,Female,179.130.43.216
368,Palm,Warburton,pwarburtona7@reverbnation.com,Male,127.90.182.175
369,Olympie,Boustred,oboustreda8@elpais.com,Female,93.108.160.19
370,Charles,Bidmead,cbidmeada9@howstuffworks.com,Male,29.245.53.175
371,Ansel,Brotherheed,abrotherheedaa@apache.org,Male,83.96.49.174
372,Grata,Jedraszczyk,gjedraszczykab@ihg.com,Female,115.82.79.190
373,Antoinette,Tatem,atatemac@purevolume.com,Female,196.75.138.247
374,Steffi,Bazelle,sbazellead@sfgate.com,Female,218.123.192.189
375,Vern,Theis,vtheisae@redcross.org,Male,206.252.116.102
376,Herta,Arrol,harrolaf@barnesandnoble.com,Female,156.251.6.179
377,Farra,Rideout,frideoutag@apple.com,Female,1.148.66.215
378,Brockie,Clutten,bcluttenah@indiatimes.com,Male,184.42.32.154
379,Leann,Bautiste,lbautisteai@pagesperso-orange.fr,Female,24.224.117.195
380,Kleon,Moynihan,kmoynihanaj@cdbaby.com,Male,255.254.79.92
381,Robin,Legging,rleggingak@shutterfly.com,Female,199.133.208.6
382,Malchy,Walduck,mwalduckal@flavors.me,Male,244.200.190.64
383,Axe,McCluney,amccluneyam@telegraph.co.uk,Male,245.14.59.87
384,Garth,Springall,gspringallan@bizjournals.com,Male,240.168.173.133
385,Stacie,Cometti,scomettiao@usnews.com,Female,183.189.19.113
386,Kass,Wraggs,kwraggsap@bbb.org,Female,3.117.2.45
387,Arlie,McCrackem,amccrackemaq@deviantart.com,Female,50.110.51.75
388,Renado,Wyldbore,rwyldborear@hatena.ne.jp,Male,161.189.181.27
389,Ludovico,Ranking,lrankingas@indiatimes.com,Male,129.252.180.81
390,Merrill,Causton,mcaustonat@ucoz.ru,Female,153.74.234.224
391,Donall,Wayman,dwaymanau@washington.edu,Male,70.125.95.100
392,Stanwood,Kinastan,skinastanav@over-blog.com,Male,70.186.130.8
393,Vincents,Valentetti,vvalentettiaw@ucla.edu,Male,78.243.158.80
394,Kaitlin,MacMaster,kmacmasterax@privacy.gov.au,Female,187.163.215.116
395,Binnie,Fideler,bfideleray@github.com,Female,138.183.85.145
396,Arnold,Doutch,adoutchaz@sfgate.com,Male,73.228.191.170
397,Heywood,Bellany,hbellanyb0@networksolutions.com,Male,177.239.199.45
398,Trudie,Pexton,tpextonb1@flickr.com,Female,171.209.17.189
399,Arabela,Dakhov,adakhovb2@amazon.co.uk,Female,50.219.32.50
400,Tedd,Gribbin,tgribbinb3@scribd.com,Male,244.163.117.111
401,Shaun,Cardew,scardewb4@imageshack.us,Female,90.114.228.102
402,Ilyssa,Snelle,isnelleb5@upenn.edu,Female,81.34.116.173
403,Grant,Saiz,gsaizb6@wiley.com,Male,19.123.131.10
404,Erek,Zieme,eziemeb7@nature.com,Male,111.124.147.181
405,Amory,Bramford,abramfordb8@xing.com,Male,170.7.203.81
406,Aimil,Palser,apalserb9@freewebs.com,Female,36.36.136.122
407,Nicolas,Stille,nstilleba@apache.org,Male,172.57.252.254
408,Doug,Castanie,dcastaniebb@forbes.com,Male,28.30.158.172
409,Corly,Loader,cloaderbc@diigo.com,Female,11.193.30.44
410,Dannel,Mercey,dmerceybd@nationalgeographic.com,Male,234.6.47.194
411,Emmerich,Blunsom,eblunsombe@dion.ne.jp,Male,183.0.206.63
412,Kipper,Tankin,ktankinbf@cnn.com,Male,78.122.148.240
413,Conn,Bruford,cbrufordbg@japanpost.jp,Male,92.153.247.164
414,Ofella,Bruineman,obruinemanbh@mit.edu,Female,67.125.200.27
415,Janeen,Yancey,jyanceybi@wufoo.com,Female,106.242.99.17
416,Kaleena,Studders,kstuddersbj@mediafire.com,Female,157.249.101.72
417,Kym,Carff,kcarffbk@nytimes.com,Female,42.79.90.117
418,Tanny,Stapford,tstapfordbl@forbes.com,Male,55.164.170.52
419,Godart,Heckner,ghecknerbm@umn.edu,Male,72.184.235.158
420,Aretha,Edgcombe,aedgcombebn@theatlantic.com,Female,232.110.59.12
421,Pooh,Ibbett,pibbettbo@wufoo.com,Female,196.170.146.224
422,Calvin,Ranns,crannsbp@amazon.de,Male,224.146.49.59
423,Jere,Couche,jcouchebq@scribd.com,Female,154.201.73.149
424,Dode,Loram,dlorambr@t.co,Female,209.211.130.65
425,Dosi,Wheeldon,dwheeldonbs@liveinternet.ru,Female,247.66.66.81
426,Jonas,Heddy,jheddybt@odnoklassniki.ru,Male,168.167.15.186
427,Otha,O'Hickee,oohickeebu@rambler.ru,Female,244.193.211.38
428,Candace,Huckle,chucklebv@usa.gov,Female,166.119.241.213
429,Brice,Poulgreen,bpoulgreenbw@ow.ly,Male,171.223.25.157
430,Maybelle,Milier,mmilierbx@stumbleupon.com,Female,19.132.235.141
431,Colly,Danzig,cdanzigby@ocn.ne.jp,Female,102.219.25.92
432,Clare,Fathers,cfathersbz@a8.net,Female,150.198.166.174
433,Ulrika,Cotgrove,ucotgrovec0@ifeng.com,Female,229.57.13.42
434,Leese,Btham,lbthamc1@sphinn.com,Female,156.37.222.54
435,Shandee,Muncey,smunceyc2@unicef.org,Female,18.161.76.196
436,Galen,Harlick,gharlickc3@4shared.com,Male,66.69.130.15
437,Tabb,Billanie,tbillaniec4@yahoo.co.jp,Male,53.61.222.65
438,Cymbre,Le Hucquet,clehucquetc5@jimdo.com,Female,197.151.98.77
439,Vail,Budleigh,vbudleighc6@zimbio.com,Male,111.108.116.104
440,Meredithe,Emberton,membertonc7@nifty.com,Female,223.116.141.39
441,Elden,Bartolomeo,ebartolomeoc8@cam.ac.uk,Male,79.237.19.202
442,Edy,Carley,ecarleyc9@elpais.com,Female,92.74.124.169
443,Timmi,Eadon,teadonca@sbwire.com,Female,133.10.133.119
444,Yehudi,Feavearyear,yfeavearyearcb@jimdo.com,Male,181.71.80.177
445,Lane,Sallings,lsallingscc@google.com.au,Female,201.105.121.200
446,Hewett,Barette,hbarettecd@alibaba.com,Male,247.15.126.180
447,Roman,Ludl,rludlce@addthis.com,Male,241.72.69.197
448,Eadmund,MacCaughey,emaccaugheycf@mozilla.org,Male,243.191.149.180
449,Klarrisa,Lowson,klowsoncg@economist.com,Female,117.1.131.226
450,Davey,O'Fairy,dofairych@google.de,Male,14.240.58.214
451,Vivie,Bowmen,vbowmenci@wordpress.com,Female,198.55.215.126
452,Burr,Coniam,bconiamcj@woothemes.com,Male,233.218.46.99
453,Paul,Pierrepoint,ppierrepointck@bbb.org,Male,254.160.221.239
454,Elroy,Dominetti,edominetticl@acquirethisname.com,Male,109.35.225.61
455,Baron,Valerio,bvaleriocm@studiopress.com,Male,34.180.235.74
456,Cordell,Jahndel,cjahndelcn@cam.ac.uk,Male,250.22.180.117
457,Gilburt,Petchell,gpetchellco@howstuffworks.com,Male,46.151.72.126
458,Corney,Gogie,cgogiecp@amazon.com,Male,161.66.52.42
459,Fredra,Sockell,fsockellcq@who.int,Female,224.55.111.101
460,Alena,Patington,apatingtoncr@smugmug.com,Female,101.15.33.217
461,Coletta,Boar,cboarcs@creativecommons.org,Female,227.82.107.81
462,Manon,Flear,mflearct@state.gov,Female,24.13.8.180
463,Mattie,Le Provest,mleprovestcu@i2i.jp,Male,146.217.19.221
464,Tann,Gepson,tgepsoncv@alibaba.com,Male,129.2.242.29
465,Jillian,Januszewski,jjanuszewskicw@vkontakte.ru,Female,67.29.217.145
466,Kelly,Toffoletto,ktoffolettocx@freewebs.com,Male,213.235.5.206
467,Huntley,Gutridge,hgutridgecy@blog.com,Male,149.41.149.68
468,Hermia,McBeith,hmcbeithcz@elpais.com,Female,2.16.17.185
469,Brandise,Ruppele,bruppeled0@google.ru,Female,91.104.13.110
470,Karim,Lassey,klasseyd1@wordpress.com,Male,195.229.53.92
471,Jermayne,Szanto,jszantod2@wikia.com,Male,87.37.107.202
472,Prent,Robben,probbend3@state.gov,Male,233.14.119.200
473,Angil,Kittley,akittleyd4@microsoft.com,Female,237.243.143.65
474,Tobe,Piggott,tpiggottd5@cpanel.net,Male,11.57.161.191
475,Dagmar,Waight,dwaightd6@xinhuanet.com,Female,74.224.172.55
476,Geoff,Kaygill,gkaygilld7@netlog.com,Male,73.207.41.204
477,Danielle,Blackster,dblacksterd8@ning.com,Female,57.175.65.143
478,Violette,Annatt,vannattd9@usa.gov,Female,1.111.19.185
479,Dixie,Karpol,dkarpolda@canalblog.com,Female,37.217.79.160
480,Siusan,Darling,sdarlingdb@example.com,Female,164.81.54.251
481,Arlin,Robillard,arobillarddc@weibo.com,Male,155.162.111.254
482,Eddy,Syphas,esyphasdd@chron.com,Male,6.198.234.229
483,Muffin,Deinert,mdeinertde@theglobeandmail.com,Male,130.81.79.14
484,Lulu,Jull,ljulldf@soundcloud.com,Female,137.91.129.233
485,Lorrie,Isakson,lisaksondg@addthis.com,Female,170.51.111.73
486,Lorelle,McRobert,lmcrobertdh@hubpages.com,Female,51.178.220.105
487,Kimberley,Brookwell,kbrookwelldi@weebly.com,Female,119.216.182.32
488,Wallache,Torrese,wtorresedj@buzzfeed.com,Male,245.236.178.201
489,Myles,Fullard,mfullarddk@telegraph.co.uk,Male,91.135.165.137
490,Maggee,Faircliff,mfaircliffdl@businessinsider.com,Female,105.62.250.66
491,Tristam,Poulney,tpoulneydm@list-manage.com,Male,225.35.78.1
492,Anabelle,Bearsmore,abearsmoredn@si.edu,Female,116.177.118.106
493,Debbi,Darko,ddarkodo@constantcontact.com,Female,234.132.58.215
494,Gaye,Dennant,gdennantdp@ameblo.jp,Female,206.151.145.180
495,Nathan,Duddell,nduddelldq@hp.com,Male,65.205.188.233
496,Bevan,Yeoman,byeomandr@blogspot.com,Male,248.153.150.235
497,Theo,O'Doherty,todohertyds@arstechnica.com,Male,217.215.137.140
498,Gustave,Gauvin,ggauvindt@time.com,Male,127.168.1.170
499,Kaila,Barnhart,kbarnhartdu@pcworld.com,Female,26.18.30.211
500,Blair,Tremoulet,btremouletdv@mediafire.com,Male,53.9.202.109
501,Benedicto,Bucktrout,bbucktroutdw@slate.com,Male,82.193.78.211
502,Egor,Rodie,erodiedx@shinystat.com,Male,78.30.188.68
503,Arlan,Ruff,aruffdy@cocolog-nifty.com,Male,232.226.192.52
504,Fletch,Warr,fwarrdz@parallels.com,Male,176.106.113.190
505,Paco,Charlotte,pcharlottee0@unesco.org,Male,128.112.143.52
506,Kattie,Soldner,ksoldnere1@usda.gov,Female,11.208.101.189
507,Clarine,Jocelyn,cjocelyne2@deliciousdays.com,Female,56.27.54.129
508,Timmie,Mitchiner,tmitchinere3@weibo.com,Male,114.46.184.82
509,Carlita,Hundey,chundeye4@mit.edu,Female,33.68.18.106
510,Gun,Kliemann,gkliemanne5@technorati.com,Male,113.22.186.124
511,Raven,Goranov,rgoranove6@mail.ru,Female,166.76.160.96
512,Jessika,Stoyle,jstoylee7@blogtalkradio.com,Female,141.105.116.215
513,Nils,O' Hanvey,nohanveye8@sogou.com,Male,116.15.126.29
514,Tamra,Drinkale,tdrinkalee9@boston.com,Female,21.224.178.227
515,Noll,Nye,nnyeea@ocn.ne.jp,Male,94.113.12.215
516,Logan,Bonnett,lbonnetteb@pinterest.com,Male,183.181.189.98
517,Ortensia,Kealy,okealyec@berkeley.edu,Female,132.197.230.56
518,Brucie,Tuley,btuleyed@springer.com,Male,212.234.130.243
519,Ernst,Kivelhan,ekivelhanee@trellian.com,Male,97.86.28.50
520,Antonina,Cogdell,acogdellef@webnode.com,Female,94.147.5.162
521,Filberto,Dillingston,fdillingstoneg@nsw.gov.au,Male,16.66.211.164
522,Cos,Pretty,cprettyeh@newyorker.com,Male,125.141.249.56
523,Saw,Hagwood,shagwoodei@naver.com,Male,166.131.109.216
524,Kalinda,Sausman,ksausmanej@etsy.com,Female,217.49.118.17
525,Edgard,Kasper,ekasperek@discovery.com,Male,150.27.201.221
526,Hans,MacPaden,hmacpadenel@hc360.com,Male,223.166.238.201
527,Cointon,Newark,cnewarkem@java.com,Male,204.142.121.147
528,Margaret,Ainsley,mainsleyen@eepurl.com,Female,87.253.206.31
529,Atalanta,Caiger,acaigereo@nymag.com,Female,114.52.102.55
530,Andonis,Vertigan,avertiganep@dagondesign.com,Male,240.209.206.104
531,Marleen,Layborn,mlayborneq@zimbio.com,Female,67.104.110.47
532,Dorene,Heeran,dheeraner@epa.gov,Female,248.50.106.206
533,Abigael,Abramovicz,aabramoviczes@cafepress.com,Female,41.57.174.118
534,Ethel,Spratt,esprattet@themeforest.net,Female,80.120.230.43
535,Zack,Neaverson,zneaversoneu@smugmug.com,Male,116.59.87.25
536,Uri,Wike,uwikeev@gov.uk,Male,94.84.127.243
537,Devonne,Kilius,dkiliusew@weibo.com,Female,180.36.26.176
538,Nikos,Weippert,nweippertex@discuz.net,Male,21.164.138.186
539,Basilio,McCool,bmccooley@utexas.edu,Male,251.128.224.82
540,Bell,Airlie,bairlieez@mayoclinic.com,Female,22.94.142.75
541,Taddeo,Catley,tcatleyf0@cornell.edu,Male,17.76.93.237
542,Twyla,Skahill,tskahillf1@ovh.net,Female,253.125.158.166
543,Stewart,Kuhle,skuhlef2@admin.ch,Male,56.248.186.223
544,Jo-ann,Garey,jgareyf3@furl.net,Female,102.103.102.61
545,Jolee,Kerrich,jkerrichf4@flickr.com,Female,218.76.113.79
546,Cheryl,Philpots,cphilpotsf5@princeton.edu,Female,67.51.62.35
547,Avie,Clay,aclayf6@google.pl,Female,128.238.162.155
548,Northrup,Vigers,nvigersf7@furl.net,Male,222.134.100.151
549,Sammy,Pabst,spabstf8@wired.com,Female,98.57.247.48
550,Micheil,Kohter,mkohterf9@themeforest.net,Male,253.105.20.50
551,Nels,Farbrother,nfarbrotherfa@biglobe.ne.jp,Male,74.163.78.166
552,Karena,Iannuzzelli,kiannuzzellifb@symantec.com,Female,222.71.76.34
553,Kearney,Pautard,kpautardfc@ask.com,Male,102.89.143.249
554,Quent,Schleicher,qschleicherfd@archive.org,Male,134.169.225.73
555,Brande,Wimbridge,bwimbridgefe@ameblo.jp,Female,24.162.23.118
556,Libbi,Ossulton,lossultonff@google.ru,Female,16.222.0.217
557,Chas,Redford,credfordfg@csmonitor.com,Male,154.246.220.31
558,Javier,Waadenburg,jwaadenburgfh@google.es,Male,7.227.13.24
559,Chad,Whitesel,cwhiteselfi@bloomberg.com,Female,62.195.65.33
560,Eugine,Calcraft,ecalcraftfj@bigcartel.com,Female,174.114.145.8
561,Cynthie,Murrock,cmurrockfk@google.com.au,Female,232.70.142.43
562,Jaquelin,Cafferty,jcaffertyfl@columbia.edu,Female,56.197.160.39
563,Orazio,Merrikin,omerrikinfm@dailymail.co.uk,Male,204.72.111.172
564,Arnie,Camelia,acameliafn@dropbox.com,Male,135.58.146.34
565,Elvin,Skarin,eskarinfo@indiegogo.com,Male,249.67.33.38
566,Grenville,Perrington,gperringtonfp@ca.gov,Male,137.125.245.182
567,Derron,Peacocke,dpeacockefq@zimbio.com,Male,134.61.124.237
568,Dee dee,Poone,dpoonefr@ning.com,Female,17.38.173.116
569,Orton,Brodeau,obrodeaufs@list-manage.com,Male,166.51.28.87
570,Verna,Tabourier,vtabourierft@wordpress.org,Female,92.16.50.1
571,Lonnie,Cominoli,lcominolifu@chicagotribune.com,Male,117.143.29.22
572,Aigneis,Chestle,achestlefv@nhs.uk,Female,199.41.7.86
573,Irena,Zuppa,izuppafw@hexun.com,Female,195.224.131.144
574,Natty,Steanyng,nsteanyngfx@economist.com,Male,187.67.190.8
575,Minne,Ragot,mragotfy@printfriendly.com,Female,207.117.186.67
576,Staffard,Simonin,ssimoninfz@mozilla.org,Male,173.114.110.15
577,Gratiana,Rollitt,grollittg0@soup.io,Female,153.79.218.220
578,Travers,Mitford,tmitfordg1@google.cn,Male,1.106.226.1
579,Callida,Jefford,cjeffordg2@wunderground.com,Female,123.43.245.5
580,Dunc,Dreng,ddrengg3@xrea.com,Male,173.106.188.183
581,Tabb,Patient,tpatientg4@woothemes.com,Male,47.2.115.101
582,Noelle,Denecamp,ndenecampg5@skype.com,Female,33.199.196.33
583,Clerc,Lante,clanteg6@aboutads.info,Male,234.248.149.130
584,Katerine,Lockhurst,klockhurstg7@acquirethisname.com,Female,156.49.178.216
585,Simone,Wilshaw,swilshawg8@livejournal.com,Female,10.82.200.17
586,Justinian,Sunnex,jsunnexg9@yandex.ru,Male,54.168.235.48
587,Christal,Clowney,cclowneyga@shinystat.com,Female,146.213.50.63
588,Taylor,Whitman,twhitmangb@home.pl,Male,45.196.139.157
589,Riley,Tennison,rtennisongc@fema.gov,Male,182.207.191.104
590,Jeremie,Riveles,jrivelesgd@unc.edu,Male,14.152.16.243
591,Bendix,Carrack,bcarrackge@ca.gov,Male,224.218.230.146
592,Fons,Josupeit,fjosupeitgf@howstuffworks.com,Male,129.163.36.27
593,Hanni,Cloney,hcloneygg@state.tx.us,Female,251.1.13.129
594,Vita,Uppett,vuppettgh@fda.gov,Female,88.104.199.146
595,Dacey,Schlagh,dschlaghgi@sfgate.com,Female,196.105.50.134
596,Ingmar,Prozescky,iprozesckygj@cbc.ca,Male,156.117.146.175
597,Trude,Stoddart,tstoddartgk@i2i.jp,Female,21.43.45.127
598,Gerry,McCotter,gmccottergl@answers.com,Male,48.146.217.123
599,Donnamarie,Botterell,dbotterellgm@reddit.com,Female,111.209.82.243
600,Rodrique,Lecointe,rlecointegn@nsw.gov.au,Male,78.31.160.180
601,Kerrill,Smallcomb,ksmallcombgo@so-net.ne.jp,Female,45.156.71.103
602,Bastien,Kennally,bkennallygp@furl.net,Male,134.111.105.196
603,Chuck,Benne,cbennegq@bizjournals.com,Male,131.40.39.191
604,Ardith,Grishakov,agrishakovgr@weebly.com,Female,7.192.245.210
605,Arie,Chestney,achestneygs@amazon.de,Male,76.204.164.216
606,Jorgan,Sprull,jsprullgt@state.tx.us,Male,83.141.195.215
607,Eugenie,Bullocke,ebullockegu@cnet.com,Female,200.20.27.130
608,Beau,Rahill,brahillgv@vk.com,Male,218.60.193.5
609,Dennis,Kleinpeltz,dkleinpeltzgw@liveinternet.ru,Male,169.248.112.246
610,Eduard,Dummett,edummettgx@jugem.jp,Male,119.180.166.135
611,Nichole,Cowill,ncowillgy@sogou.com,Female,92.227.226.253
612,Geneva,Vockings,gvockingsgz@newsvine.com,Female,59.69.104.134
613,Marys,Sommersett,msommersetth0@angelfire.com,Female,147.160.229.69
614,Stavro,Cohan,scohanh1@oaic.gov.au,Male,61.55.193.227
615,Kingsly,Beddon,kbeddonh2@omniture.com,Male,171.53.42.230
616,Saul,Arblaster,sarblasterh3@newsvine.com,Male,127.95.65.101
617,Hildagarde,Ashpole,hashpoleh4@hexun.com,Female,158.216.193.92
618,Lorrie,Mallabone,lmallaboneh5@cnet.com,Female,213.112.182.219
619,Vilma,Campany,vcampanyh6@newyorker.com,Female,73.97.83.105
620,Damon,Kunat,dkunath7@prnewswire.com,Male,255.107.186.51
621,Mariel,Pellatt,mpellatth8@live.com,Female,57.88.51.219
622,Ginevra,Julian,gjulianh9@technorati.com,Female,126.49.38.61
623,Ag,Keenlayside,akeenlaysideha@g.co,Female,120.144.89.35
624,Burty,Miners,bminershb@4shared.com,Male,127.248.202.242
625,Saleem,Buxcy,sbuxcyhc@biglobe.ne.jp,Male,254.86.2.222
626,Rowan,Jex,rjexhd@cloudflare.com,Male,212.41.154.121
627,Adiana,Dorrins,adorrinshe@shinystat.com,Female,116.53.246.209
628,Derick,Durtnel,ddurtnelhf@usa.gov,Male,178.139.19.215
629,Lauraine,Barnfield,lbarnfieldhg@engadget.com,Female,236.87.131.110
630,Andriana,Nyssen,anyssenhh@theglobeandmail.com,Female,162.243.1.118
631,Washington,Myrkus,wmyrkushi@nbcnews.com,Male,243.226.222.97
632,Kaitlynn,Hinckley,khinckleyhj@cbslocal.com,Female,183.1.85.61
633,Clyde,Puxley,cpuxleyhk@cloudflare.com,Male,111.91.74.219
634,Emelyne,Dominiak,edominiakhl@com.com,Female,186.178.84.180
635,Flint,Beckett,fbecketthm@mozilla.com,Male,70.169.13.66
636,Hobey,Marchand,hmarchandhn@salon.com,Male,95.161.91.232
637,Kip,Ervine,kervineho@dmoz.org,Female,106.232.74.207
638,Nappie,St Pierre,nstpierrehp@chicagotribune.com,Male,21.31.156.31
639,Kari,Surby,ksurbyhq@liveinternet.ru,Female,102.212.207.225
640,Jozef,Bletsor,jbletsorhr@tripod.com,Male,198.66.248.18
641,Sarah,Grimbaldeston,sgrimbaldestonhs@xing.com,Female,104.198.233.52
642,Shelagh,Penson,spensonht@smh.com.au,Female,11.121.38.134
643,Aldric,Ollander,aollanderhu@go.com,Male,127.118.48.189
644,Rorke,Robus,rrobushv@ucoz.ru,Male,220.144.113.34
645,Rosita,Teaser,rteaserhw@networksolutions.com,Female,16.29.133.145
646,Rubie,Huertas,rhuertashx@merriam-webster.com,Female,226.208.117.107
647,Glory,Durnell,gdurnellhy@reuters.com,Female,110.192.220.35
648,Jorgan,Merrgen,jmerrgenhz@people.com.cn,Male,214.26.153.0
649,Zaneta,Brian,zbriani0@time.com,Female,40.81.32.174
650,Iosep,Kennea,ikenneai1@flavors.me,Male,176.155.224.159
651,Nickolai,Siege,nsiegei2@umich.edu,Male,179.58.65.214
652,Kylynn,Dodd,kdoddi3@walmart.com,Female,254.206.147.131
653,Niven,Higford,nhigfordi4@ebay.co.uk,Male,95.166.230.199
654,Seumas,Johnsey,sjohnseyi5@about.com,Male,180.2.141.249
655,Henrietta,Brundrett,hbrundretti6@pinterest.com,Female,64.24.203.20
656,Woodrow,Frankish,wfrankishi7@smugmug.com,Male,137.250.86.127
657,Sharline,Innett,sinnetti8@nsw.gov.au,Female,176.73.128.151
658,Clifford,Hulson,chulsoni9@tumblr.com,Male,139.6.208.46
659,Whit,Artingstall,wartingstallia@behance.net,Male,205.38.180.162
660,Haze,Henlon,hhenlonib@economist.com,Male,212.138.57.0
661,Orella,O'Fihillie,oofihillieic@tamu.edu,Female,117.84.44.20
662,Minni,Blacklock,mblacklockid@yahoo.com,Female,207.226.15.152
663,Dell,Barczewski,dbarczewskiie@nature.com,Female,45.146.58.210
664,Elsy,Prevett,eprevettif@oakley.com,Female,183.148.146.83
665,Park,Wileman,pwilemanig@quantcast.com,Male,172.77.38.214
666,Betta,Tighe,btigheih@ebay.co.uk,Female,143.130.12.94
667,Wright,Moreing,wmoreingii@fema.gov,Male,70.77.201.193
668,Lyell,Whiskerd,lwhiskerdij@tinyurl.com,Male,170.232.245.216
669,Valerye,Pryde,vprydeik@ow.ly,Female,111.83.250.127
670,Perl,Eveleigh,peveleighil@ovh.net,Female,132.177.164.242
671,Orbadiah,Quig,oquigim@jalbum.net,Male,65.60.7.251
672,Gustav,Hadgraft,ghadgraftin@cbslocal.com,Male,25.64.142.130
673,Franni,Jeger,fjegerio@blogs.com,Female,165.5.110.253
674,Worthington,McArdle,wmcardleip@umich.edu,Male,237.63.67.116
675,Jim,Hort,jhortiq@unc.edu,Male,209.246.105.228
676,Gasper,Hek,ghekir@webs.com,Male,118.69.234.125
677,Davidson,Skehan,dskehanis@wsj.com,Male,229.255.116.59
678,Stanly,Haylock,shaylockit@list-manage.com,Male,41.251.173.192
679,Charlotta,Wintle,cwintleiu@blog.com,Female,217.35.119.134
680,Alfredo,Ellens,aellensiv@census.gov,Male,83.187.188.159
681,Camel,Klass,cklassiw@shinystat.com,Female,108.195.60.184
682,Carolyn,Tunny,ctunnyix@w3.org,Female,227.149.170.226
683,Athene,Guiton,aguitoniy@spiegel.de,Female,31.203.143.112
684,Carol-jean,Snepp,csneppiz@accuweather.com,Female,147.195.93.52
685,Linoel,Arrowsmith,larrowsmithj0@dedecms.com,Male,226.110.25.62
686,Adam,Kroll,akrollj1@theatlantic.com,Male,83.195.38.109
687,Ernesto,Doog,edoogj2@deliciousdays.com,Male,102.46.238.92
688,Mignonne,Aguilar,maguilarj3@bing.com,Female,16.106.214.239
689,Wade,Gladdis,wgladdisj4@fotki.com,Male,233.175.187.57
690,Auberta,Trudgion,atrudgionj5@google.com.hk,Female,50.136.27.109
691,Hiram,Digman,hdigmanj6@quantcast.com,Male,11.158.209.40
692,Millisent,Espadater,mespadaterj7@comsenz.com,Female,163.141.166.72
693,Lelah,Amys,lamysj8@alibaba.com,Female,47.245.105.213
694,Noelyn,Van der Velden,nvanderveldenj9@meetup.com,Female,67.14.66.35
695,Willis,Gandley,wgandleyja@google.ru,Male,14.89.194.26
696,Ashla,Whinney,awhinneyjb@omniture.com,Female,17.184.184.51
697,Kassandra,Pellamont,kpellamontjc@wordpress.org,Female,78.184.154.61
698,Desi,Bedham,dbedhamjd@sciencedirect.com,Male,6.197.146.22
699,Netti,Nevill,nnevillje@de.vu,Female,118.236.226.249
700,Hobart,Dungey,hdungeyjf@spotify.com,Male,35.225.235.125
701,Kyrstin,Lenglet,klengletjg@kickstarter.com,Female,13.129.15.79
702,Neville,Hawkyens,nhawkyensjh@japanpost.jp,Male,232.25.224.3
703,Maurene,Jeanel,mjeanelji@engadget.com,Female,157.108.247.140
704,Verina,Pessolt,vpessoltjj@fotki.com,Female,70.138.140.127
705,Jeramie,Kamena,jkamenajk@phoca.cz,Male,236.239.240.252
706,Corny,Alchin,calchinjl@time.com,Female,133.231.76.191
707,Susy,Zorzutti,szorzuttijm@usnews.com,Female,124.253.130.35
708,Regen,Varfolomeev,rvarfolomeevjn@google.co.jp,Male,124.243.209.156
709,Kylie,Grunder,kgrunderjo@soundcloud.com,Male,168.47.72.155
710,Karil,MacDonell,kmacdonelljp@bloomberg.com,Female,62.21.1.193
711,Dari,Binfield,dbinfieldjq@cbslocal.com,Female,179.229.117.115
712,Mallory,Dake,mdakejr@squarespace.com,Male,253.204.113.34
713,Rodger,Heustice,rheusticejs@mapy.cz,Male,149.196.123.103
714,Onida,Huggan,ohugganjt@shutterfly.com,Female,172.72.32.141
715,Roanne,Seawright,rseawrightju@friendfeed.com,Female,253.136.177.188
716,Erl,Milhench,emilhenchjv@home.pl,Male,163.75.174.32
717,Tammie,Scandroot,tscandrootjw@twitter.com,Female,239.56.127.243
718,Norry,Clitheroe,nclitheroejx@zdnet.com,Male,149.190.167.106
719,Nicholle,Albasiny,nalbasinyjy@youtu.be,Female,20.213.85.16
720,Alicia,Forrestall,aforrestalljz@latimes.com,Female,154.147.183.213
721,Giulia,Gostling,ggostlingk0@redcross.org,Female,212.170.180.221
722,Clemente,Welsby,cwelsbyk1@naver.com,Male,9.12.226.250
723,Joela,Floch,jflochk2@ihg.com,Female,200.97.187.24
724,Marj,Cannan,mcannank3@gnu.org,Female,222.109.237.163
725,Lynda,Beamand,lbeamandk4@nature.com,Female,141.107.176.98
726,Pepe,Rosenberger,prosenbergerk5@typepad.com,Male,187.70.100.158
727,Sibella,Wilshire,swilshirek6@epa.gov,Female,142.214.172.91
728,Emmy,Minthorpe,eminthorpek7@indiatimes.com,Female,36.15.214.49
729,Clarance,Whistance,cwhistancek8@goo.gl,Male,61.226.5.85
730,Adolf,Poyzer,apoyzerk9@4shared.com,Male,147.30.186.224
731,Lancelot,Bellingham,lbellinghamka@zdnet.com,Male,233.166.157.96
732,Garey,Lente,glentekb@quantcast.com,Male,134.209.8.204
733,Jasmin,Danniel,jdannielkc@nhs.uk,Female,162.44.121.174
734,Merry,MacLise,mmaclisekd@comsenz.com,Female,127.90.25.1
735,Charissa,Chardin,cchardinke@dot.gov,Female,6.19.5.130
736,Charlene,Spincks,cspinckskf@instagram.com,Female,154.193.154.138
737,Al,Bembrigg,abembriggkg@goodreads.com,Male,232.92.163.33
738,Wallis,Baynon,wbaynonkh@gov.uk,Female,18.216.223.239
739,Weylin,Paskerful,wpaskerfulki@nationalgeographic.com,Male,180.31.111.111
740,Sella,Bruckman,sbruckmankj@t-online.de,Female,167.80.39.140
741,Owen,Rawsen,orawsenkk@si.edu,Male,112.9.176.15
742,Guinevere,Emerson,gemersonkl@pbs.org,Female,194.4.166.58
743,Onfre,McGuiness,omcguinesskm@4shared.com,Male,55.216.235.106
744,Marwin,Sweedy,msweedykn@mediafire.com,Male,243.231.227.106
745,Gilda,Dowsey,gdowseyko@mac.com,Female,106.42.84.161
746,Thaddeus,Jorioz,tjoriozkp@mtv.com,Male,66.130.26.57
747,Petey,Dudden,pduddenkq@narod.ru,Male,223.98.230.253
748,Wallie,Martland,wmartlandkr@dell.com,Male,229.243.162.178
749,Corrie,Keysall,ckeysallks@163.com,Male,57.212.254.64
750,Darren,Tondeur,dtondeurkt@cmu.edu,Male,229.184.96.171
751,Marcille,Le feaver,mlefeaverku@sciencedirect.com,Female,214.30.228.236
752,Sydney,Sherebrooke,ssherebrookekv@123-reg.co.uk,Female,162.6.126.18
753,Leila,Gontier,lgontierkw@xinhuanet.com,Female,169.9.147.221
754,Selena,Eslinger,seslingerkx@un.org,Female,231.134.170.158
755,Julian,Miroy,jmiroyky@digg.com,Male,247.129.103.47
756,Milka,Lethbrig,mlethbrigkz@yahoo.com,Female,138.214.216.60
757,Philis,Pilley,ppilleyl0@admin.ch,Female,74.69.34.65
758,Basilio,Batrop,bbatropl1@salon.com,Male,246.117.215.71
759,Lamont,Willbond,lwillbondl2@artisteer.com,Male,173.54.248.37
760,Caryl,Wilkins,cwilkinsl3@cbslocal.com,Female,219.144.212.108
761,Christophe,Liccardo,cliccardol4@kickstarter.com,Male,241.151.211.148
762,Andrej,Redan,aredanl5@usda.gov,Male,195.127.77.7
763,Fletch,Elgar,felgarl6@boston.com,Male,238.80.30.111
764,Caryl,Schuricke,cschurickel7@cnn.com,Male,254.135.210.137
765,Concordia,Stubbert,cstubbertl8@archive.org,Female,99.136.165.238
766,Lay,Scollan,lscollanl9@tinypic.com,Male,222.173.99.36
767,Rutledge,Downgate,rdowngatela@si.edu,Male,68.138.61.129
768,Haley,Trethewey,htretheweylb@dion.ne.jp,Female,45.40.181.84
769,Thurston,Pavie,tpavielc@cam.ac.uk,Male,72.4.224.40
770,Walker,Minihane,wminihaneld@ehow.com,Male,212.183.60.7
771,Vick,Scrannage,vscrannagele@devhub.com,Male,30.233.2.243
772,Billie,Rihanek,brihaneklf@tinyurl.com,Male,91.191.62.153
773,Ingamar,Battell,ibattelllg@netscape.com,Male,161.223.96.21
774,Neda,Josilevich,njosilevichlh@amazon.de,Female,76.176.120.89
775,Sayre,Fullerd,sfullerdli@google.co.jp,Male,76.22.108.64
776,Dale,Glitherow,dglitherowlj@google.co.uk,Female,198.179.125.93
777,Janella,Baack,jbaacklk@posterous.com,Female,94.131.215.1
778,Raviv,Buckett,rbuckettll@plala.or.jp,Male,76.28.152.147
779,Catha,Franies,cfranieslm@reuters.com,Female,146.189.149.17
780,Tobit,Whotton,twhottonln@reference.com,Male,244.96.38.83
781,Clemmie,Gallehawk,cgallehawklo@histats.com,Male,101.197.115.3
782,Crysta,Garrit,cgarritlp@macromedia.com,Female,59.148.86.106
783,Charlton,Oehme,coehmelq@hud.gov,Male,150.41.24.237
784,Jodie,Johns,jjohnslr@nba.com,Male,15.25.184.234
785,Barny,Allabush,ballabushls@time.com,Male,117.70.58.3
786,Malena,Flynn,mflynnlt@boston.com,Female,115.168.48.157
787,Ara,Oldford,aoldfordlu@plala.or.jp,Female,126.241.89.145
788,Carol,Skittle,cskittlelv@un.org,Female,252.193.26.133
789,Eal,MacCallion,emaccallionlw@exblog.jp,Male,41.198.1.142
790,Piotr,Bollis,pbollislx@fc2.com,Male,56.162.62.186
791,Mei,Georgescu,mgeorgesculy@canalblog.com,Female,153.10.56.86
792,Enrico,Lamanby,elamanbylz@sciencedirect.com,Male,146.45.34.39
793,Ermengarde,Josefer,ejoseferm0@omniture.com,Female,178.95.30.251
794,Gualterio,De la Perrelle,gdelaperrellem1@usnews.com,Male,14.152.65.129
795,Katha,Kull,kkullm2@t.co,Female,131.90.105.115
796,Annice,Whifen,awhifenm3@indiatimes.com,Female,110.52.245.92
797,Laina,Taylor,ltaylorm4@digg.com,Female,247.116.80.45
798,Laurel,Barbrook,lbarbrookm5@loc.gov,Female,110.30.65.80
799,Herold,Bednall,hbednallm6@google.it,Male,123.181.152.34
800,Fonsie,Buer,fbuerm7@ovh.net,Male,125.76.221.245
801,Carmen,Gilfoyle,cgilfoylem8@netscape.com,Female,135.83.6.212
802,Allard,D'Ambrosi,adambrosim9@uiuc.edu,Male,102.243.41.13
803,Hodge,Jiggen,hjiggenma@scientificamerican.com,Male,14.207.223.33
804,Pasquale,Stather,pstathermb@dion.ne.jp,Male,161.75.83.92
805,Linea,Gibben,lgibbenmc@icio.us,Female,121.232.13.136
806,Roderick,Budding,rbuddingmd@google.com.au,Male,117.229.187.129
807,Tove,Waltho,twalthome@sphinn.com,Female,245.156.214.35
808,Daron,Leason,dleasonmf@columbia.edu,Male,32.112.120.78
809,Gil,Bolletti,gbollettimg@reuters.com,Male,7.193.109.17
810,Desmond,Huckstepp,dhucksteppmh@zimbio.com,Male,208.189.26.241
811,Hetti,Craig,hcraigmi@odnoklassniki.ru,Female,69.203.44.235
812,Any,McKoy,amckoymj@about.com,Male,243.252.33.205
813,Annalee,Dyment,adymentmk@newyorker.com,Female,92.113.121.44
814,Dona,Phython,dphythonml@ucla.edu,Female,243.177.167.38
815,Bridgette,Lumly,blumlymm@cnn.com,Female,68.33.84.241
816,Frasquito,Drewry,fdrewrymn@narod.ru,Male,67.103.185.199
817,Stinky,Hele,shelemo@wufoo.com,Male,140.242.239.46
818,Philis,Toffoloni,ptoffolonimp@amazon.co.jp,Female,10.73.143.56
819,Gwyn,Bachelar,gbachelarmq@photobucket.com,Female,156.86.189.146
820,Johnette,Spellesy,jspellesymr@com.com,Female,144.104.197.168
821,Tracie,Doring,tdoringms@dagondesign.com,Female,123.228.141.98
822,Sheelah,Mitchenson,smitchensonmt@canalblog.com,Female,11.144.167.14
823,Vinni,Padson,vpadsonmu@opera.com,Female,211.99.204.0
824,Silvano,Dadson,sdadsonmv@ibm.com,Male,250.142.167.207
825,Vanna,Clinton,vclintonmw@sfgate.com,Female,167.75.202.187
826,Mead,Rhucroft,mrhucroftmx@123-reg.co.uk,Male,207.133.43.1
827,Walker,Mongenot,wmongenotmy@cafepress.com,Male,33.200.247.0
828,Dallas,Eggleson,degglesonmz@xinhuanet.com,Male,7.41.121.71
829,Desiree,Blackborne,dblackbornen0@google.fr,Female,153.230.17.236
830,Meara,Charlewood,mcharlewoodn1@homestead.com,Female,86.163.147.131
831,Aurore,Rowbrey,arowbreyn2@adobe.com,Female,48.48.54.94
832,Shaina,Arntzen,sarntzenn3@weather.com,Female,214.127.114.8
833,Hyacinthia,Tomaello,htomaellon4@unicef.org,Female,129.207.147.18
834,Osbourne,Nanson,onansonn5@about.com,Male,101.124.36.187
835,Sharron,Pescott,spescottn6@spiegel.de,Female,127.204.120.198
836,Iris,Stivani,istivanin7@businesswire.com,Female,46.43.75.59
837,Evvie,Bradborne,ebradbornen8@uol.com.br,Female,159.153.107.147
838,Lelah,Cornelis,lcornelisn9@wiley.com,Female,59.37.195.32
839,Selle,Colman,scolmanna@blogspot.com,Female,96.28.26.179
840,Nikaniki,Budibent,nbudibentnb@theguardian.com,Female,13.218.195.49
841,Diego,Chretien,dchretiennc@latimes.com,Male,61.59.230.111
842,West,Jobson,wjobsonnd@cnbc.com,Male,125.15.46.95
843,Nelly,Bubbins,nbubbinsne@ask.com,Female,249.145.8.244
844,Alene,Jinks,ajinksnf@howstuffworks.com,Female,211.27.215.206
845,Rockie,Board,rboardng@bandcamp.com,Male,230.204.83.205
846,Lily,Cicconetti,lcicconettinh@techcrunch.com,Female,205.205.173.149
847,Cob,Peters,cpetersni@wsj.com,Male,229.211.1.172
848,Henry,Casier,hcasiernj@over-blog.com,Male,224.174.77.13
849,Dalia,Standbrooke,dstandbrookenk@businessweek.com,Female,119.187.240.150
850,Raquel,Yandle,ryandlenl@smh.com.au,Female,197.43.204.123
851,Field,Gouch,fgouchnm@soundcloud.com,Male,27.65.27.242
852,Haslett,McClaren,hmcclarennn@so-net.ne.jp,Male,249.247.219.169
853,Alisha,Bover,aboverno@google.pl,Female,65.47.253.56
854,Nicolais,Fordy,nfordynp@sogou.com,Male,76.43.68.249
855,Sebastiano,Spadari,sspadarinq@t.co,Male,213.35.1.42
856,Den,Borkin,dborkinnr@indiegogo.com,Male,222.14.86.101
857,Rene,Pidgeley,rpidgeleyns@nbcnews.com,Female,120.68.28.125
858,Mei,Sadler,msadlernt@last.fm,Female,31.126.107.137
859,Charlot,Critchlow,ccritchlownu@hp.com,Female,81.136.43.115
860,Margarethe,Camin,mcaminnv@rediff.com,Female,34.235.32.184
861,Mufinella,Newlin,mnewlinnw@cargocollective.com,Female,234.235.42.242
862,Jeff,Decent,jdecentnx@noaa.gov,Male,55.138.88.130
863,Adrian,Waterhous,awaterhousny@springer.com,Female,146.61.21.148
864,Murdock,Cottesford,mcottesfordnz@yellowpages.com,Male,103.128.100.238
865,Allister,Fayre,afayreo0@miibeian.gov.cn,Male,69.199.237.114
866,Aeriela,Bennit,abennito1@springer.com,Female,244.180.84.169
867,Ina,Hebborn,ihebborno2@feedburner.com,Female,60.204.253.115
868,Kerrie,Livingstone,klivingstoneo3@altervista.org,Female,203.110.151.162
869,Hillery,Peeter,hpeetero4@tinypic.com,Male,78.91.223.223
870,Geno,Nys,gnyso5@netscape.com,Male,179.240.218.159
871,Tuesday,Babber,tbabbero6@sciencedaily.com,Female,238.30.83.191
872,Zach,Sutherden,zsutherdeno7@tumblr.com,Male,198.9.180.107
873,Dickie,Berryman,dberrymano8@timesonline.co.uk,Male,171.87.106.67
874,Pavla,Oiseau,poiseauo9@cloudflare.com,Female,16.112.9.142
875,Georgie,Hiland,ghilandoa@odnoklassniki.ru,Male,92.195.231.157
876,Shantee,Spink,sspinkob@squarespace.com,Female,1.20.157.234
877,North,Cutteridge,ncutteridgeoc@marriott.com,Male,209.96.203.121
878,Alessandro,Shergill,ashergillod@paypal.com,Male,199.207.94.209
879,Kelby,Laird-Craig,klairdcraigoe@bloglines.com,Male,112.74.169.128
880,Eolande,Robbins,erobbinsof@springer.com,Female,41.0.120.99
881,Chicky,Searjeant,csearjeantog@washington.edu,Male,155.111.36.98
882,Lu,Lias,lliasoh@wordpress.org,Female,169.121.78.57
883,Isiahi,Rembaud,irembaudoi@storify.com,Male,212.50.149.65
884,Genevra,Povey,gpoveyoj@mediafire.com,Female,134.120.103.92
885,Godiva,Fysh,gfyshok@si.edu,Female,66.224.10.36
886,Nolie,Deyenhardt,ndeyenhardtol@apache.org,Female,58.45.78.28
887,Prince,Zambon,pzambonom@alexa.com,Male,241.136.87.85
888,Merilee,Edge,medgeon@flickr.com,Female,215.103.178.144
889,Barnaby,Baistow,bbaistowoo@prnewswire.com,Male,141.162.27.158
890,Abby,Paling,apalingop@fc2.com,Female,114.186.191.13
891,Harmony,Tirrell,htirrelloq@discovery.com,Female,94.119.14.142
892,Aurel,L' Estrange,alestrangeor@sohu.com,Female,113.173.53.194
893,Alexandrina,Adshead,aadsheados@fema.gov,Female,66.204.147.58
894,Jermain,Delap,jdelapot@state.gov,Male,177.19.66.67
895,Melisa,Medlin,mmedlinou@opensource.org,Female,219.52.106.10
896,Sandie,Height,sheightov@nbcnews.com,Female,171.213.88.78
897,Nester,Elfleet,nelfleetow@marketwatch.com,Male,32.70.47.223
898,Bryon,Gunther,bguntherox@webmd.com,Male,50.42.152.148
899,Hebert,Vasyanin,hvasyaninoy@ehow.com,Male,192.33.137.116
900,Richmond,Steed,rsteedoz@guardian.co.uk,Male,168.46.16.55
901,Arlina,Kettow,akettowp0@tiny.cc,Female,37.124.189.239
902,Mohandas,Springell,mspringellp1@netvibes.com,Male,115.179.66.111
903,Alyss,Rawsthorn,arawsthornp2@princeton.edu,Female,90.9.37.73
904,Dulce,Bolland,dbollandp3@prlog.org,Female,188.87.192.181
905,Pearla,Terlinden,pterlindenp4@wikipedia.org,Female,97.130.66.170
906,Josey,Giraldez,jgiraldezp5@nsw.gov.au,Female,21.85.208.49
907,Guy,Davion,gdavionp6@live.com,Male,186.86.76.139
908,Sherrie,Rahlof,srahlofp7@discovery.com,Female,115.161.116.131
909,Javier,Gay,jgayp8@uol.com.br,Male,139.96.70.5
910,Tony,Bahike,tbahikep9@360.cn,Female,223.128.73.136
911,Ofella,Leverich,oleverichpa@linkedin.com,Female,181.181.41.208
912,Jeffie,Abramovicz,jabramoviczpb@free.fr,Male,220.12.215.27
913,Estevan,Iwanicki,eiwanickipc@wisc.edu,Male,183.150.167.40
914,Hilton,Mackley,hmackleypd@devhub.com,Male,81.204.98.10
915,Kristien,Gyer,kgyerpe@hp.com,Female,165.68.217.124
916,Maia,Coom,mcoompf@tumblr.com,Female,28.129.172.190
917,Naoma,Courtenay,ncourtenaypg@amazon.com,Female,16.149.13.12
918,Giacomo,Buzine,gbuzineph@i2i.jp,Male,65.232.15.84
919,Dave,Maidens,dmaidenspi@vistaprint.com,Male,3.24.144.181
920,Theresa,McCutcheon,tmccutcheonpj@bing.com,Female,99.99.11.151
921,Clint,Salzen,csalzenpk@ucsd.edu,Male,50.93.169.17
922,Maire,Vincent,mvincentpl@tamu.edu,Female,109.154.196.98
923,Kelvin,Bewsy,kbewsypm@ebay.com,Male,81.138.17.76
924,Rozelle,Gossington,rgossingtonpn@freewebs.com,Female,52.150.191.246
925,Kelley,Gardiner,kgardinerpo@jugem.jp,Female,232.252.198.222
926,Teodoor,Klulicek,tklulicekpp@twitter.com,Male,0.233.6.111
927,Eleonora,Ladyman,eladymanpq@buzzfeed.com,Female,9.64.190.113
928,Jerri,Ellershaw,jellershawpr@smh.com.au,Male,208.38.184.234
929,Ev,Pooley,epooleyps@auda.org.au,Male,239.141.174.191
930,Simon,MacIlhagga,smacilhaggapt@booking.com,Male,45.48.255.93
931,Mar,Spencook,mspencookpu@forbes.com,Male,82.163.120.74
932,Patti,Kestian,pkestianpv@istockphoto.com,Female,127.106.30.254
933,Saraann,MacCardle,smaccardlepw@usa.gov,Female,169.78.28.35
934,Cahra,Spitaro,cspitaropx@omniture.com,Female,149.181.235.170
935,Toby,Bayldon,tbayldonpy@devhub.com,Male,255.172.69.164
936,Corrie,Elsey,celseypz@nsw.gov.au,Male,95.77.22.173
937,Cornie,Pomphrey,cpomphreyq0@jigsy.com,Male,215.196.224.56
938,Bastian,Lewington,blewingtonq1@delicious.com,Male,25.36.131.221
939,Fran,Foord,ffoordq2@sfgate.com,Female,59.89.27.189
940,Dene,Weaving,dweavingq3@ocn.ne.jp,Male,228.250.93.143
941,Papageno,Lightwood,plightwoodq4@odnoklassniki.ru,Male,187.173.137.59
942,Dorella,Wilks,dwilksq5@123-reg.co.uk,Female,133.11.229.167
943,Ben,Rhymer,brhymerq6@ibm.com,Male,253.184.95.198
944,Courtney,Lorenzetto,clorenzettoq7@dagondesign.com,Male,188.185.156.28
945,Tobe,Gourlie,tgourlieq8@chronoengine.com,Male,127.153.73.167
946,Cinnamon,Glassopp,cglassoppq9@npr.org,Female,238.251.65.171
947,Vita,Duigan,vduiganqa@elpais.com,Female,238.66.110.112
948,Beatriz,Castard,bcastardqb@cnet.com,Female,1.147.163.195
949,Marie-ann,Horlick,mhorlickqc@ftc.gov,Female,50.4.152.18
950,Joline,Oley,joleyqd@addthis.com,Female,232.247.65.117
951,Analiese,Pocke,apockeqe@tinypic.com,Female,141.113.31.5
952,Logan,Biermatowicz,lbiermatowiczqf@networksolutions.com,Male,41.159.74.93
953,Thaddus,Van Geffen,tvangeffenqg@imdb.com,Male,133.58.31.80
954,Mattheus,Dunnan,mdunnanqh@bloglovin.com,Male,191.113.242.169
955,Perry,Gullefant,pgullefantqi@csmonitor.com,Male,160.220.222.60
956,Corina,Deeves,cdeevesqj@github.io,Female,92.178.82.255
957,Shandee,Balcon,sbalconqk@xrea.com,Female,134.138.68.116
958,Gwenneth,Sahlstrom,gsahlstromql@ihg.com,Female,127.148.109.233
959,Albertine,Halfhead,ahalfheadqm@canalblog.com,Female,215.138.59.212
960,Brittani,Padula,bpadulaqn@va.gov,Female,147.98.202.248
961,Maurine,Coils,mcoilsqo@alibaba.com,Female,51.131.182.214
962,Hugh,Morden,hmordenqp@alexa.com,Male,62.18.66.131
963,Regine,Micco,rmiccoqq@deviantart.com,Female,189.236.152.19
964,Herrick,Tanzig,htanzigqr@wunderground.com,Male,39.70.60.34
965,Billie,Tristram,btristramqs@w3.org,Female,168.7.103.51
966,Alaric,Scryne,ascryneqt@goodreads.com,Male,185.41.111.57
967,Casi,Carletto,ccarlettoqu@answers.com,Female,150.239.199.61
968,Kerrin,Rosencwaig,krosencwaigqv@hibu.com,Female,22.180.179.107
969,Jermaine,Kearns,jkearnsqw@altervista.org,Male,142.79.10.239
970,Noam,Briddock,nbriddockqx@exblog.jp,Male,29.235.138.116
971,Avictor,Darley,adarleyqy@1und1.de,Male,213.59.163.183
972,Alica,Henfre,ahenfreqz@eepurl.com,Female,62.204.140.152
973,Steffie,Naptine,snaptiner0@dailymotion.com,Female,220.198.243.31
974,Hyacinthie,Durno,hdurnor1@feedburner.com,Female,104.175.78.152
975,Lynne,Knoller,lknollerr2@g.co,Female,76.85.17.70
976,Sheridan,Kliemann,skliemannr3@springer.com,Male,211.135.227.171
977,Isaac,Coggeshall,icoggeshallr4@mediafire.com,Male,19.59.79.10
978,Shirley,Kleynermans,skleynermansr5@usatoday.com,Female,47.212.52.183
979,Alric,McCaughren,amccaughrenr6@usda.gov,Male,110.15.82.57
980,Sib,Tanser,stanserr7@technorati.com,Female,117.150.153.138
981,Elwira,Seward,esewardr8@purevolume.com,Female,182.124.13.122
982,Francesco,Matt,fmattr9@un.org,Male,80.209.107.239
983,Chantalle,Tytterton,ctyttertonra@yolasite.com,Female,188.82.235.115
984,Kennedy,Wilkison,kwilkisonrb@nps.gov,Male,16.153.228.211
985,Roanna,Goolding,rgooldingrc@cdbaby.com,Female,176.183.47.77
986,Tove,Jandel,tjandelrd@example.com,Female,255.103.183.162
987,Saloma,Kingsley,skingsleyre@jalbum.net,Female,23.79.151.250
988,Donovan,Clawsley,dclawsleyrf@illinois.edu,Male,109.186.77.95
989,Eydie,Grishenkov,egrishenkovrg@google.cn,Female,223.89.106.53
990,Andrew,Gullefant,agullefantrh@example.com,Male,231.203.242.162
991,Lutero,Cardinal,lcardinalri@senate.gov,Male,144.73.251.178
992,Benton,Labell,blabellrj@xrea.com,Male,89.4.116.140
993,Gustav,Bendell,gbendellrk@csmonitor.com,Male,156.201.235.11
994,Burnaby,Northbridge,bnorthbridgerl@vimeo.com,Male,148.238.237.236
995,Elli,Cotherill,ecotherillrm@loc.gov,Female,15.102.16.193
996,Ivar,Moreman,imoremanrn@nbcnews.com,Male,6.255.8.114
997,Lisette,Braemer,lbraemerro@xinhuanet.com,Female,205.110.208.102
998,Josiah,Mityushkin,jmityushkinrp@artisteer.com,Male,216.108.157.147
999,Ara,Matterdace,amatterdacerq@reverbnation.com,Male,86.41.142.198
1000,Cirilo,Greaves,cgreavesrr@ning.com,Male,148.239.185.213
