id,first_name,last_name,email,gender,ip_address
1001,Daphene,Carles,dcarles0@time.com,Female,0.149.101.187
1002,William,Koppeck,wkoppeck1@cisco.com,Male,69.37.62.100
1003,Bernie,Bernardi,bbernardi2@meetup.com,Female,135.173.9.84
1004,Alis,Markie,amarkie3@hhs.gov,Female,31.53.108.117
1005,Shurlock,Peirce,speirce4@digg.com,Male,81.60.29.94
1006,Lolly,Robak,lrobak5@webnode.com,Female,101.244.155.155
1007,Dino,Josey,djosey6@simplemachines.org,Male,238.222.246.51
1008,Carlye,Haversum,chaversum7@about.com,Female,54.201.121.127
1009,Sergio,Garroch,sgarroch8@comcast.net,Male,159.250.109.231
1010,Michelina,D'Antonio,mdantonio9@jigsy.com,Female,14.66.236.126
1011,Glenn,Maylor,gmaylora@google.com.au,Male,162.229.197.238
1012,Mahala,Ashment,mashmentb@prlog.org,Female,255.50.161.2
1013,Tammara,Kitcat,tkitcatc@auda.org.au,Female,32.206.168.242
1014,Jessee,Lerer,jlererd@mysql.com,Male,216.242.10.174
1015,Aaren,Yitzovicz,ayitzovicze@freewebs.com,Female,171.71.168.226
1016,Franklyn,Brychan,fbrychanf@google.com,Male,52.215.208.248
1017,Shaine,Francescozzi,sfrancescozzig@wikispaces.com,Female,135.46.13.98
1018,Biddie,Bulcroft,bbulcrofth@de.vu,Female,16.111.210.253
1019,Melvyn,Rudolf,mrudolfi@state.tx.us,Male,192.206.133.232
1020,Paolo,Elnough,pelnoughj@examiner.com,Male,178.147.50.100
1021,Micki,Comello,mcomellok@google.fr,Female,13.219.255.13
1022,Pearce,O'Crigane,pocriganel@friendfeed.com,Male,245.154.27.60
1023,Jameson,Godart,jgodartm@forbes.com,Male,243.250.102.75
1024,Rosy,Scadden,rscaddenn@parallels.com,Female,154.111.220.28
1025,Tailor,Raecroft,traecrofto@google.pl,Male,75.14.94.20
1026,Reine,Aleksich,raleksichp@chronoengine.com,Female,65.206.150.8
1027,Vasilis,Firsby,vfirsbyq@bbc.co.uk,Male,160.60.106.20
1028,Eachelle,Ugo,eugor@scribd.com,Female,150.252.225.208
1029,Ervin,Nerheny,enerhenys@mapy.cz,Male,160.167.173.153
1030,Gordan,Gorries,ggorriest@statcounter.com,Male,5.157.235.53
1031,Wilmer,De Mico,wdemicou@sun.com,Male,62.247.137.227
1032,Jamie,Arnaut,jarnautv@dailymail.co.uk,Male,159.69.138.220
1033,Rebeca,Bello,rbellow@unc.edu,Female,166.30.75.215
1034,Yardley,Glide,yglidex@sfgate.com,Male,157.11.116.81
1035,Jazmin,Andrioni,jandrioniy@123-reg.co.uk,Female,192.178.115.66
1036,Christian,Baldcock,cbaldcockz@slate.com,Male,174.208.10.57
1037,King,Byneth,kbyneth10@wisc.edu,Male,42.31.16.51
1038,Duke,Parr,dparr11@ebay.co.uk,Male,214.215.213.1
1039,Sacha,Molson,smolson12@macromedia.com,Female,227.134.242.151
1040,Johnath,Kernell,jkernell13@cnet.com,Female,166.7.233.248
1041,Darnall,Medcalf,dmedcalf14@harvard.edu,Male,164.184.190.239
1042,Vivyanne,Owtram,vowtram15@biglobe.ne.jp,Female,34.227.103.249
1043,Adrian,Chezier,achezier16@boston.com,Male,38.234.51.253
1044,Wells,Hazzard,whazzard17@columbia.edu,Male,137.168.77.194
1045,Ralph,Sedgemond,rsedgemond18@theglobeandmail.com,Male,198.3.117.0
1046,Evangelia,Gerretsen,egerretsen19@csmonitor.com,Female,208.75.57.82
1047,Loy,Martinho,lmartinho1a@slideshare.net,Male,84.230.178.81
1048,Hanny,Yegorchenkov,hyegorchenkov1b@harvard.edu,Female,216.117.181.198
1049,Jacky,Auletta,jauletta1c@elegantthemes.com,Male,116.252.233.108
1050,Nathan,Jekel,njekel1d@imageshack.us,Male,36.131.139.14
1051,Andee,Mowday,amowday1e@whitehouse.gov,Female,248.110.117.99
1052,Sutton,Mennear,smennear1f@merriam-webster.com,Male,105.51.54.6
1053,Kaye,Kobpal,kkobpal1g@globo.com,Female,8.35.46.239
1054,Elva,Guillon,eguillon1h@joomla.org,Female,206.212.116.183
1055,Darcey,Thuillier,dthuillier1i@ihg.com,Female,216.217.167.20
1056,Jule,Skayman,jskayman1j@samsung.com,Male,45.158.224.130
1057,Cos,Allner,callner1k@miitbeian.gov.cn,Male,198.60.33.170
1058,Benoit,Bagot,bbagot1l@berkeley.edu,Male,252.109.166.241
1059,Padraic,Coskerry,pcoskerry1m@rambler.ru,Male,241.9.73.202
1060,Aurthur,Tubritt,atubritt1n@trellian.com,Male,75.10.151.80
1061,Maiga,Moncaster,mmoncaster1o@digg.com,Female,54.241.238.55
1062,Gertrude,Sivewright,gsivewright1p@europa.eu,Female,89.246.130.207
1063,Gustie,Broomhead,gbroomhead1q@quantcast.com,Female,113.125.143.241
1064,Amalita,Flippini,aflippini1r@china.com.cn,Female,113.186.70.110
1065,Hadley,Andover,handover1s@quantcast.com,Male,252.8.92.95
1066,Galen,Harner,gharner1t@discuz.net,Male,20.248.68.156
1067,Wolf,Magnar,wmagnar1u@cocolog-nifty.com,Male,218.169.119.68
1068,Tripp,Doag,tdoag1v@phpbb.com,Male,33.214.159.179
1069,Harman,Ormston,hormston1w@thetimes.co.uk,Male,117.255.140.99
1070,Vickie,Crummy,vcrummy1x@wikimedia.org,Female,80.178.211.67
1071,Fair,McKeeman,fmckeeman1y@nba.com,Male,8.126.242.59
1072,Lonnie,Jerdon,ljerdon1z@comsenz.com,Male,68.120.181.217
1073,Silvana,Thurman,sthurman20@marketwatch.com,Female,15.248.109.197
1074,Alissa,Taberner,ataberner21@etsy.com,Female,235.235.183.27
1075,Stormy,Geaney,sgeaney22@cafepress.com,Female,16.249.30.28
1076,Ken,Lamcken,klamcken23@e-recht24.de,Male,240.205.247.1
1077,Roana,Dobbs,rdobbs24@freewebs.com,Female,231.232.168.146
1078,Norbie,Forsaith,nforsaith25@arizona.edu,Male,90.131.217.4
1079,Catha,Conyard,cconyard26@furl.net,Female,83.83.22.58
1080,Curcio,Pinkett,cpinkett27@google.it,Male,54.253.23.95
1081,Adoree,Kornyshev,akornyshev28@whitehouse.gov,Female,50.96.229.233
1082,Lorene,Mitham,lmitham29@surveymonkey.com,Female,87.205.134.251
1083,Pierre,Billiard,pbilliard2a@exblog.jp,Male,164.16.152.242
1084,Tracy,Shackelton,tshackelton2b@nhs.uk,Female,57.93.136.245
1085,Loni,Hallin,lhallin2c@accuweather.com,Female,238.243.44.131
1086,Neville,Effemy,neffemy2d@fema.gov,Male,135.237.210.253
1087,Immanuel,Kennefick,ikennefick2e@zimbio.com,Male,122.22.143.109
1088,Ofelia,Whitnall,owhitnall2f@businessweek.com,Female,162.238.204.155
1089,Kessia,Jewis,kjewis2g@reference.com,Female,69.129.53.24
1090,Marcello,Bodker,mbodker2h@shareasale.com,Male,80.156.61.217
1091,Mia,Baselli,mbaselli2i@printfriendly.com,Female,185.30.249.124
1092,Gayla,Brentnall,gbrentnall2j@usa.gov,Female,139.141.33.188
1093,Ethelin,Burman,eburman2k@state.gov,Female,202.62.16.88
1094,Hermon,Keymer,hkeymer2l@posterous.com,Male,140.51.211.10
1095,Merola,Charopen,mcharopen2m@amazon.co.uk,Female,75.102.171.69
1096,Binky,Jelf,bjelf2n@netlog.com,Male,214.168.108.250
1097,Mace,Bergeau,mbergeau2o@tripadvisor.com,Male,27.100.83.198
1098,Clarke,Menendes,cmenendes2p@arstechnica.com,Male,134.207.85.72
1099,Leonelle,Minucci,lminucci2q@acquirethisname.com,Female,12.17.122.110
1100,Ebba,Sickling,esickling2r@symantec.com,Female,255.35.219.224
1101,Farleigh,Cockell,fcockell2s@google.com.hk,Male,224.142.77.87
1102,Grady,Clemmensen,gclemmensen2t@skype.com,Male,15.72.254.128
1103,Jodi,Dugmore,jdugmore2u@live.com,Female,118.238.23.226
1104,Merell,Menere,mmenere2v@webmd.com,Male,161.113.71.63
1105,Phelia,Caslake,pcaslake2w@soundcloud.com,Female,59.64.240.139
1106,Obediah,Dunning,odunning2x@hubpages.com,Male,138.156.224.201
1107,Estella,Thewys,ethewys2y@mapquest.com,Female,22.16.45.119
1108,Alli,Kolodziejski,akolodziejski2z@nsw.gov.au,Female,131.114.87.211
1109,Bessy,Degoe,bdegoe30@chronoengine.com,Female,184.86.87.68
1110,Leroi,Oldman,loldman31@mit.edu,Male,92.172.50.106
1111,Lesya,Stodit,lstodit32@google.com.au,Female,200.215.186.135
1112,Tonye,Kitcatt,tkitcatt33@foxnews.com,Female,249.193.126.212
1113,Thomasine,Wabe,twabe34@statcounter.com,Female,113.127.55.9
1114,Archambault,Brindle,abrindle35@last.fm,Male,78.126.148.174
1115,Webster,Barme,wbarme36@godaddy.com,Male,147.40.184.241
1116,Ives,Essberger,iessberger37@usatoday.com,Male,5.166.107.153
1117,Irv,Rodgman,irodgman38@posterous.com,Male,106.144.128.173
1118,Wenonah,Salway,wsalway39@webs.com,Female,89.137.48.9
1119,Gregory,Marrow,gmarrow3a@sphinn.com,Male,64.136.219.42
1120,Ronald,Grissett,rgrissett3b@studiopress.com,Male,45.230.178.141
1121,Gwenette,Dell Casa,gdellcasa3c@yellowpages.com,Female,78.123.247.209
1122,Cherise,Coushe,ccoushe3d@blogs.com,Female,62.164.227.189
1123,Pippa,Shynn,pshynn3e@slate.com,Female,22.227.107.205
1124,Sylas,Huzzey,shuzzey3f@parallels.com,Male,27.22.58.2
1125,Jareb,Marran,jmarran3g@google.de,Male,71.101.213.76
1126,Kendall,Marielle,kmarielle3h@furl.net,Male,63.127.98.205
1127,Bronny,Trobe,btrobe3i@businesswire.com,Male,219.136.229.214
1128,Byrom,Fayer,bfayer3j@princeton.edu,Male,16.169.142.253
1129,Jerrie,Porcher,jporcher3k@vinaora.com,Female,214.112.12.112
1130,Burtie,Artindale,bartindale3l@about.com,Male,14.46.29.201
1131,Nelle,Drewes,ndrewes3m@ibm.com,Female,22.204.33.119
1132,Allard,Boaler,aboaler3n@ow.ly,Male,42.212.124.233
1133,Naoma,Dyet,ndyet3o@reverbnation.com,Female,140.102.87.11
1134,Mischa,Labb,mlabb3p@livejournal.com,Male,186.29.128.193
1135,Vincents,Kaufman,vkaufman3q@opera.com,Male,104.3.206.42
1136,Bibbye,Bramich,bbramich3r@sourceforge.net,Female,150.254.248.120
1137,Tabbi,Butteris,tbutteris3s@noaa.gov,Female,60.75.9.240
1138,Alyosha,Whitby,awhitby3t@comsenz.com,Male,22.111.157.205
1139,Saxon,Blowing,sblowing3u@auda.org.au,Male,147.251.193.167
1140,Merralee,Lamminam,mlamminam3v@imageshack.us,Female,66.213.130.72
1141,Stanleigh,Paramor,sparamor3w@lulu.com,Male,123.206.148.71
1142,Marcia,Loeber,mloeber3x@fotki.com,Female,224.150.23.84
1143,Edith,Hampshire,ehampshire3y@github.io,Female,23.225.8.44
1144,Ive,Hand,ihand3z@mail.ru,Male,53.53.44.243
1145,Cosetta,Eastes,ceastes40@kickstarter.com,Female,31.20.49.189
1146,Bil,Wooland,bwooland41@livejournal.com,Male,24.49.129.156
1147,Camey,Parcells,cparcells42@desdev.cn,Male,144.251.159.18
1148,Igor,Cranch,icranch43@elpais.com,Male,156.136.69.83
1149,Yevette,Teall,yteall44@slate.com,Female,220.10.112.48
1150,Evan,Stanworth,estanworth45@angelfire.com,Male,108.138.17.249
1151,Kally,Elkins,kelkins46@uol.com.br,Female,52.229.92.141
1152,Rosanna,Reubel,rreubel47@eepurl.com,Female,227.166.188.125
1153,Karlee,Gosnall,kgosnall48@arizona.edu,Female,22.129.71.251
1154,Miller,Wehnerr,mwehnerr49@dmoz.org,Male,108.95.207.210
1155,Rayner,Lusher,rlusher4a@adobe.com,Male,123.2.142.47
1156,Vincenz,Cowans,vcowans4b@illinois.edu,Male,123.52.16.255
1157,Marcus,Grimsell,mgrimsell4c@gov.uk,Male,220.108.212.242
1158,Bert,Jinkinson,bjinkinson4d@example.com,Female,8.110.140.202
1159,Rubie,Grollmann,rgrollmann4e@histats.com,Female,46.243.16.190
1160,Sephira,Braybrook,sbraybrook4f@theglobeandmail.com,Female,204.82.249.176
1161,Iormina,Nimmo,inimmo4g@mashable.com,Female,208.160.227.120
1162,Robinett,Roggerone,rroggerone4h@topsy.com,Female,58.249.218.215
1163,Brandie,Erskine,berskine4i@zdnet.com,Female,245.59.0.183
1164,Layla,Pritchard,lpritchard4j@meetup.com,Female,3.189.132.2
1165,Suzy,Gibbetts,sgibbetts4k@cyberchimps.com,Female,109.102.91.241
1166,Alden,Scammell,ascammell4l@dot.gov,Male,226.162.99.143
1167,Burlie,Docherty,bdocherty4m@boston.com,Male,145.109.0.156
1168,Sheeree,Phant,sphant4n@ebay.com,Female,74.48.232.140
1169,Debbi,Sarge,dsarge4o@naver.com,Female,88.220.13.5
1170,Bathsheba,Durbann,bdurbann4p@desdev.cn,Female,76.7.163.92
1171,Leesa,Horder,lhorder4q@msn.com,Female,132.27.197.1
1172,Antony,Ritelli,aritelli4r@jiathis.com,Male,186.170.254.126
1173,Cristobal,Whitlow,cwhitlow4s@wikipedia.org,Male,184.0.149.16
1174,Kimbell,Jannex,kjannex4t@storify.com,Male,141.254.217.234
1175,Phaedra,Lambdon,plambdon4u@hao123.com,Female,198.242.135.178
1176,Yvonne,Bern,ybern4v@edublogs.org,Female,38.47.157.46
1177,Glenna,Leed,gleed4w@zdnet.com,Female,35.203.54.2
1178,Araldo,Keddy,akeddy4x@dropbox.com,Male,26.61.143.21
1179,Hermy,McGarahan,hmcgarahan4y@shop-pro.jp,Male,254.42.33.60
1180,Christoper,Bayne,cbayne4z@bandcamp.com,Male,236.51.187.81
1181,Mathilde,Dicken,mdicken50@cloudflare.com,Female,92.140.47.2
1182,Ario,Patington,apatington51@miitbeian.gov.cn,Male,25.178.232.28
1183,Wilmer,Vanyarkin,wvanyarkin52@ocn.ne.jp,Male,232.225.6.80
1184,Pavia,Vine,pvine53@google.com,Female,250.213.9.59
1185,Melissa,Spirit,mspirit54@abc.net.au,Female,247.158.30.174
1186,Maje,Slad,mslad55@usa.gov,Male,79.198.190.5
1187,Mitchell,MacCawley,mmaccawley56@umn.edu,Male,231.47.7.131
1188,Antone,Renn,arenn57@patch.com,Male,242.130.125.52
1189,Maryjane,Adkins,madkins58@yale.edu,Female,249.203.232.243
1190,Tiffanie,Sneaker,tsneaker59@shop-pro.jp,Female,233.222.104.97
1191,Pierette,Kennsley,pkennsley5a@linkedin.com,Female,118.108.145.158
1192,Phyllys,Ackery,packery5b@symantec.com,Female,134.247.249.228
1193,Arni,MacCallester,amaccallester5c@tinyurl.com,Male,8.75.176.123
1194,Rosie,Tubby,rtubby5d@icio.us,Female,251.160.56.147
1195,Augie,Barnson,abarnson5e@myspace.com,Male,246.61.180.105
1196,Bing,Lowle,blowle5f@sbwire.com,Male,14.56.38.197
1197,Griffy,Basso,gbasso5g@businessweek.com,Male,62.86.97.169
1198,Carolyne,Patifield,cpatifield5h@mozilla.com,Female,112.54.237.43
1199,Abram,Hanrahan,ahanrahan5i@mediafire.com,Male,227.110.146.154
1200,Duff,Yousef,dyousef5j@youtu.be,Male,228.152.221.51
1201,Persis,Tregian,ptregian5k@ihg.com,Female,31.141.30.204
1202,Linet,Nattriss,lnattriss5l@shinystat.com,Female,129.249.172.144
1203,Olenolin,Lyte,olyte5m@infoseek.co.jp,Male,0.74.78.164
1204,Annabell,Feldstern,afeldstern5n@yolasite.com,Female,178.65.162.204
1205,Harmon,Spong,hspong5o@vinaora.com,Male,132.187.6.96
1206,Aluin,Bullent,abullent5p@tuttocitta.it,Male,181.146.248.244
1207,Elisa,Gillard,egillard5q@army.mil,Female,185.218.127.210
1208,Evangeline,Bleackly,ebleackly5r@ycombinator.com,Female,50.39.24.44
1209,Mort,Hyett,mhyett5s@skype.com,Male,127.204.184.231
1210,Shurlock,Glaysher,sglaysher5t@nature.com,Male,233.153.12.218
1211,Richmound,Gerrey,rgerrey5u@sbwire.com,Male,219.120.65.171
1212,Eleonora,McGahy,emcgahy5v@illinois.edu,Female,215.223.56.124
1213,Gretta,Pountain,gpountain5w@shinystat.com,Female,127.159.123.231
1214,Murry,Bohey,mbohey5x@google.ru,Male,155.145.253.40
1215,Randi,Jeffry,rjeffry5y@china.com.cn,Male,204.158.44.83
1216,Coral,Zima,czima5z@cnn.com,Female,14.239.44.104
1217,Arabelle,Antley,aantley60@archive.org,Female,105.248.197.0
1218,Sibeal,McGilben,smcgilben61@flickr.com,Female,141.223.150.84
1219,Jeramey,Aldiss,jaldiss62@geocities.jp,Male,70.30.44.180
1220,Stacy,Creane,screane63@japanpost.jp,Male,97.115.91.47
1221,Urbano,Robertelli,urobertelli64@howstuffworks.com,Male,76.80.135.53
1222,Leila,Olivella,lolivella65@wunderground.com,Female,9.98.219.24
1223,Ermanno,Braben,ebraben66@apple.com,Male,230.150.107.197
1224,Bonita,Duffin,bduffin67@who.int,Female,99.210.42.4
1225,Thorn,Taynton,ttaynton68@wisc.edu,Male,38.73.169.204
1226,Sander,Antal,santal69@constantcontact.com,Male,255.180.70.72
1227,Vince,Hargraves,vhargraves6a@devhub.com,Male,89.96.45.230
1228,Thomas,Chave,tchave6b@netscape.com,Male,0.57.0.149
1229,Fulvia,Raft,fraft6c@seattletimes.com,Female,30.61.158.120
1230,Marianne,Danko,mdanko6d@ucla.edu,Female,246.99.53.177
1231,Lynnell,Mechell,lmechell6e@home.pl,Female,150.74.255.231
1232,Levey,Nelligan,lnelligan6f@themeforest.net,Male,105.16.184.213
1233,Gill,Furness,gfurness6g@mlb.com,Female,25.5.89.147
1234,Phillida,Harry,pharry6h@hhs.gov,Female,54.98.253.27
1235,Javier,Abatelli,jabatelli6i@bbb.org,Male,201.241.102.118
1236,Phedra,Wayt,pwayt6j@wikia.com,Female,55.31.139.209
1237,Kassia,Erangy,kerangy6k@ehow.com,Female,62.24.225.36
1238,Leah,Treves,ltreves6l@furl.net,Female,121.167.195.242
1239,Pearline,Melsome,pmelsome6m@patch.com,Female,204.173.246.171
1240,Hendrik,Loy,hloy6n@cam.ac.uk,Male,55.222.55.239
1241,Theo,Taffs,ttaffs6o@e-recht24.de,Male,144.184.96.134
1242,Abbe,Truse,atruse6p@php.net,Male,159.33.194.170
1243,Ellis,Bimrose,ebimrose6q@360.cn,Male,195.85.67.166
1244,Rhody,Labba,rlabba6r@tamu.edu,Female,223.3.237.80
1245,Fey,Cox,fcox6s@wix.com,Female,147.145.153.1
1246,Fred,Epton,fepton6t@uiuc.edu,Female,0.101.90.195
1247,Lindy,Scopham,lscopham6u@yelp.com,Male,15.11.109.45
1248,Fulton,Yakuntzov,fyakuntzov6v@globo.com,Male,69.230.189.167
1249,Fairleigh,Easter,feaster6w@dailymail.co.uk,Male,18.67.10.142
1250,Ferguson,Marrows,fmarrows6x@mediafire.com,Male,152.145.239.241
1251,Nerty,Kindon,nkindon6y@e-recht24.de,Female,29.47.148.117
1252,Pauly,Szymanowicz,pszymanowicz6z@google.cn,Male,33.246.248.239
1253,Hermann,Pearce,hpearce70@rakuten.co.jp,Male,119.38.174.25
1254,Kaile,Densun,kdensun71@dailymotion.com,Female,57.126.119.68
1255,Benito,Freeth,bfreeth72@google.cn,Male,106.253.53.58
1256,Anthiathia,Saltman,asaltman73@parallels.com,Female,41.40.44.95
1257,Dona,Ducham,dducham74@meetup.com,Female,226.38.247.13
1258,Biddie,Risborough,brisborough75@boston.com,Female,196.46.169.18
1259,Jeffrey,Sellen,jsellen76@chronoengine.com,Male,39.253.32.208
1260,Bekki,Bragg,bbragg77@rediff.com,Female,221.76.5.144
1261,Ilyssa,Verring,iverring78@acquirethisname.com,Female,165.47.245.143
1262,Clementius,Blackley,cblackley79@aboutads.info,Male,13.136.137.127
1263,Gib,Haddleston,ghaddleston7a@mysql.com,Male,50.175.9.195
1264,Nada,Petrushanko,npetrushanko7b@amazon.co.jp,Female,29.30.3.32
1265,Del,Merry,dmerry7c@ustream.tv,Female,216.83.55.97
1266,Dominik,Standon,dstandon7d@reuters.com,Male,27.13.131.155
1267,Magdalena,Brainsby,mbrainsby7e@skype.com,Female,251.206.239.60
1268,Mallorie,Braisher,mbraisher7f@hibu.com,Female,52.95.67.142
1269,Allx,Snalum,asnalum7g@people.com.cn,Female,147.243.107.36
1270,Row,Kolodziejski,rkolodziejski7h@shop-pro.jp,Female,138.15.228.170
1271,Leann,Ragborne,lragborne7i@imageshack.us,Female,223.173.178.130
1272,Mallory,Hulles,mhulles7j@spiegel.de,Male,8.220.51.229
1273,Henrieta,Klosterman,hklosterman7k@sphinn.com,Female,111.224.113.183
1274,Grenville,Daniello,gdaniello7l@squarespace.com,Male,246.153.120.75
1275,Ernesta,Joyce,ejoyce7m@printfriendly.com,Female,88.114.185.0
1276,Nevins,Chillingworth,nchillingworth7n@jigsy.com,Male,57.186.73.84
1277,Gisela,Igounet,gigounet7o@unicef.org,Female,139.238.232.14
1278,Blaire,Ricart,bricart7p@state.tx.us,Female,7.170.71.98
1279,Dougie,Codrington,dcodrington7q@japanpost.jp,Male,30.86.64.166
1280,Ginelle,Corkhill,gcorkhill7r@seesaa.net,Female,234.162.132.171
1281,Clyve,Urridge,curridge7s@fema.gov,Male,181.161.72.183
1282,Jeniffer,Tillman,jtillman7t@hexun.com,Female,158.191.240.61
1283,Lucky,De Dei,ldedei7u@is.gd,Female,196.34.103.183
1284,Lou,Hefferan,lhefferan7v@loc.gov,Male,86.165.87.165
1285,Nonie,Scarse,nscarse7w@deliciousdays.com,Female,116.152.251.146
1286,Bebe,Fitchett,bfitchett7x@etsy.com,Female,231.15.180.26
1287,Denny,Kaspar,dkaspar7y@webs.com,Male,207.181.14.80
1288,Zelda,Casterou,zcasterou7z@cafepress.com,Female,200.199.60.195
1289,Boris,Dury,bdury80@deviantart.com,Male,155.126.127.50
1290,Asia,Cluer,acluer81@dailymotion.com,Female,17.37.50.206
1291,Kizzee,Mealand,kmealand82@com.com,Female,159.121.202.253
1292,Rriocard,Iacobo,riacobo83@twitter.com,Male,8.33.31.71
1293,Charmain,Manna,cmanna84@bravesites.com,Female,112.183.235.161
1294,Alphonso,Reggler,areggler85@admin.ch,Male,107.80.221.4
1295,Ruben,Banasik,rbanasik86@chronoengine.com,Male,168.140.123.198
1296,Silvano,Oldridge,soldridge87@archive.org,Male,7.124.77.49
1297,Eilis,Millington,emillington88@narod.ru,Female,142.108.92.183
1298,Morly,Sandiford,msandiford89@amazonaws.com,Male,214.102.102.204
1299,Gilles,Paik,gpaik8a@cam.ac.uk,Male,15.66.107.222
1300,Saleem,Wayne,swayne8b@example.com,Male,170.133.90.41
1301,Rowland,Beades,rbeades8c@ocn.ne.jp,Male,236.103.49.1
1302,Brigham,Kingswood,bkingswood8d@canalblog.com,Male,33.120.154.206
1303,Julie,Smerdon,jsmerdon8e@indiatimes.com,Female,242.177.240.179
1304,Anny,Tellett,atellett8f@vimeo.com,Female,213.183.193.6
1305,Lemmy,Peasegood,lpeasegood8g@pagesperso-orange.fr,Male,226.26.16.71
1306,Lisetta,Gerdes,lgerdes8h@livejournal.com,Female,103.136.59.122
1307,Rafi,McGibbon,rmcgibbon8i@hibu.com,Male,17.238.159.65
1308,Scott,Spellicy,sspellicy8j@timesonline.co.uk,Male,38.206.148.244
1309,Trixi,Bragge,tbragge8k@acquirethisname.com,Female,204.41.42.229
1310,Joletta,Tamsett,jtamsett8l@utexas.edu,Female,103.157.200.56
1311,Dunc,Desmond,ddesmond8m@canalblog.com,Male,89.21.246.158
1312,Madge,Harrald,mharrald8n@howstuffworks.com,Female,24.52.160.190
1313,Merl,Concannon,mconcannon8o@fc2.com,Female,242.189.253.246
1314,Killie,Houltham,khoultham8p@netlog.com,Male,76.121.89.219
1315,Margaretha,Strowlger,mstrowlger8q@imageshack.us,Female,89.226.156.17
1316,Codi,Slott,cslott8r@msu.edu,Male,133.78.103.140
1317,Rochette,Merrywether,rmerrywether8s@discuz.net,Female,47.178.90.121
1318,Ludovico,Irwin,lirwin8t@cbsnews.com,Male,124.78.128.194
1319,Hyacinthe,Negal,hnegal8u@dedecms.com,Female,228.82.38.93
1320,Daphene,Alenikov,dalenikov8v@umn.edu,Female,236.204.84.163
1321,Dalila,Royson,droyson8w@hexun.com,Female,199.86.244.20
1322,Derk,Ewings,dewings8x@discuz.net,Male,158.230.251.119
1323,Tabina,Vater,tvater8y@adobe.com,Female,56.186.192.4
1324,Hilarius,Dare,hdare8z@google.nl,Male,167.225.227.161
1325,Ulric,Elvins,uelvins90@multiply.com,Male,56.91.141.228
1326,Joyce,Tomkin,jtomkin91@gov.uk,Female,187.95.53.32
1327,Addy,Acome,aacome92@360.cn,Female,149.32.32.77
1328,Bruno,Leser,bleser93@nasa.gov,Male,4.26.103.240
1329,Cesaro,Hollyard,chollyard94@nature.com,Male,243.74.51.220
1330,Tad,Anthill,tanthill95@businessinsider.com,Male,39.55.228.84
1331,Fransisco,Francescotti,ffrancescotti96@mediafire.com,Male,20.238.138.51
1332,Eleonora,Shevelin,eshevelin97@wordpress.com,Female,75.219.117.70
1333,Saunders,Waller-Bridge,swallerbridge98@wikispaces.com,Male,230.218.47.35
1334,Karlotta,Mayoral,kmayoral99@xrea.com,Female,159.106.42.21
1335,Karoly,Ludwikiewicz,kludwikiewicz9a@nsw.gov.au,Male,244.107.173.139
1336,Karola,Trigg,ktrigg9b@ucoz.com,Female,208.77.24.194
1337,Janella,De Vaan,jdevaan9c@ameblo.jp,Female,44.170.255.176
1338,Alyson,Duprey,aduprey9d@amazon.de,Female,174.248.157.98
1339,Marylee,Pringell,mpringell9e@domainmarket.com,Female,153.114.21.73
1340,Avram,Akroyd,aakroyd9f@purevolume.com,Male,90.186.224.194
1341,Bjorn,Cotillard,bcotillard9g@illinois.edu,Male,244.138.147.179
1342,Kyle,Dennett,kdennett9h@reddit.com,Male,239.91.93.32
1343,Aleta,Lealle,alealle9i@youtu.be,Female,180.121.97.122
1344,Rusty,Mulford,rmulford9j@artisteer.com,Male,13.203.143.195
1345,Corabel,Blazdell,cblazdell9k@npr.org,Female,10.188.6.116
1346,Wandis,Syphus,wsyphus9l@bloglovin.com,Female,90.29.35.229
1347,Pascal,Heintzsch,pheintzsch9m@domainmarket.com,Male,202.5.0.238
1348,Gannon,Candwell,gcandwell9n@imgur.com,Male,73.147.138.66
1349,Rooney,Bosworth,rbosworth9o@wired.com,Male,69.173.109.75
1350,Cassi,Forsdicke,cforsdicke9p@freewebs.com,Female,34.104.192.66
1351,Zsazsa,Kleinzweig,zkleinzweig9q@springer.com,Female,39.252.193.44
1352,Genevieve,Benns,gbenns9r@cdc.gov,Female,226.232.239.118
1353,Raeann,Whereat,rwhereat9s@webmd.com,Female,229.250.170.17
1354,Tierney,Brightwell,tbrightwell9t@simplemachines.org,Female,23.98.143.245
1355,Prudy,Timby,ptimby9u@i2i.jp,Female,82.246.109.2
1356,Ari,Izzatt,aizzatt9v@wiley.com,Male,224.170.83.86
1357,Elsi,Barfoot,ebarfoot9w@ftc.gov,Female,218.6.183.217
1358,Beaufort,Swanwick,bswanwick9x@blogger.com,Male,217.157.104.44
1359,Aloysius,Hayhurst,ahayhurst9y@forbes.com,Male,239.179.18.191
1360,Rosalyn,Ast,rast9z@reuters.com,Female,130.236.90.21
1361,Mordecai,Challiss,mchallissa0@apple.com,Male,20.74.212.129
1362,Clayborn,Rutherford,crutherforda1@paypal.com,Male,11.66.236.207
1363,Lacie,Archambault,larchambaulta2@cmu.edu,Female,45.37.201.35
1364,Rafe,Jaine,rjainea3@reverbnation.com,Male,136.53.111.237
1365,Delaney,Jamison,djamisona4@businessweek.com,Male,230.61.15.132
1366,Jonell,Carillo,jcarilloa5@dmoz.org,Female,190.182.166.12
1367,Chloette,Evitt,cevitta6@51.la,Female,108.152.135.153
1368,Mair,Hazleton,mhazletona7@newyorker.com,Female,177.0.71.202
1369,Regen,Jeandel,rjeandela8@sciencedaily.com,Male,215.216.24.85
1370,Lars,Grouen,lgrouena9@sun.com,Male,126.11.184.118
1371,Quintina,Tidy,qtidyaa@github.io,Female,153.60.24.157
1372,Nicola,Klimontovich,nklimontovichab@phpbb.com,Male,23.20.236.106
1373,Sullivan,Beauchamp,sbeauchampac@multiply.com,Male,91.173.109.146
1374,Colas,Dysart,cdysartad@aol.com,Male,6.193.104.224
1375,Donall,Joysey,djoyseyae@issuu.com,Male,167.91.105.124
1376,Kass,Hengoed,khengoedaf@marketwatch.com,Female,247.3.189.109
1377,Zoe,Fury,zfuryag@jimdo.com,Female,155.178.201.127
1378,Menard,Goodisson,mgoodissonah@usda.gov,Male,174.56.111.135
1379,Gwenore,Kopman,gkopmanai@jugem.jp,Female,94.39.104.188
1380,Rory,Wardrope,rwardropeaj@china.com.cn,Male,189.159.45.71
1381,Jeniece,Shillabear,jshillabearak@google.com,Female,23.133.28.90
1382,Cletis,MacElane,cmacelaneal@chron.com,Male,65.78.112.78
1383,Israel,Berndtsson,iberndtssonam@indiatimes.com,Male,247.163.132.68
1384,Celestina,Loomis,cloomisan@weibo.com,Female,170.109.20.111
1385,Penn,Rennocks,prennocksao@oracle.com,Male,168.6.61.143
1386,Aube,Partkya,apartkyaap@hatena.ne.jp,Male,38.91.18.91
1387,Danyette,Guyet,dguyetaq@shareasale.com,Female,88.231.51.208
1388,Alex,Lovstrom,alovstromar@theglobeandmail.com,Male,188.140.110.69
1389,Shelton,Saunier,ssaunieras@google.com,Male,40.34.149.67
1390,Quinlan,Boardman,qboardmanat@webmd.com,Male,237.93.110.73
1391,Vinson,Bucktharp,vbucktharpau@reddit.com,Male,21.250.160.245
1392,Hendrick,Grigoli,hgrigoliav@discuz.net,Male,209.167.8.50
1393,Rodi,Kendrew,rkendrewaw@hc360.com,Female,34.51.248.67
1394,Jennie,Canadine,jcanadineax@hexun.com,Female,111.235.24.168
1395,Shaine,Eltun,seltunay@sun.com,Male,245.238.78.170
1396,Albina,Bowgen,abowgenaz@omniture.com,Female,102.33.31.24
1397,Travers,Dugald,tdugaldb0@engadget.com,Male,181.250.134.128
1398,Suzie,Motte,smotteb1@mapquest.com,Female,173.60.148.219
1399,Joann,Beminster,jbeminsterb2@drupal.org,Female,213.116.3.32
1400,Hinda,Justis,hjustisb3@java.com,Female,229.10.143.6
1401,Salem,Skahill,sskahillb4@gnu.org,Male,97.4.232.0
1402,Phylis,Paramor,pparamorb5@cbsnews.com,Female,100.114.212.5
1403,Veronica,Alyokhin,valyokhinb6@foxnews.com,Female,95.97.2.150
1404,Junie,MacClancey,jmacclanceyb7@vimeo.com,Female,141.87.126.213
1405,Ruben,Hubbucke,rhubbuckeb8@lulu.com,Male,15.215.79.64
1406,Ryley,O' Borne,roborneb9@cbslocal.com,Male,232.218.208.100
1407,Ronnica,Featherby,rfeatherbyba@umn.edu,Female,72.135.67.57
1408,Cammi,Snashall,csnashallbb@amazonaws.com,Female,181.252.118.221
1409,Bronson,Ilieve,bilievebc@github.com,Male,89.45.11.87
1410,David,Brambell,dbrambellbd@technorati.com,Male,191.74.249.43
1411,Carly,Tinton,ctintonbe@blog.com,Male,158.77.179.54
1412,Myrtice,Nulty,mnultybf@desdev.cn,Female,201.76.102.224
1413,Leticia,Riedel,lriedelbg@soup.io,Female,168.124.103.197
1414,Lianne,Buss,lbussbh@360.cn,Female,64.205.225.140
1415,Solly,Strephan,sstrephanbi@cornell.edu,Male,70.162.159.46
1416,Wynne,Buckthorpe,wbuckthorpebj@topsy.com,Female,182.222.191.187
1417,Gibby,Alans,galansbk@eventbrite.com,Male,59.57.242.12
1418,Martguerita,McGibbon,mmcgibbonbl@un.org,Female,224.126.71.158
1419,Bren,Coulthard,bcoulthardbm@miitbeian.gov.cn,Female,35.125.64.188
1420,Kariotta,Ciric,kciricbn@house.gov,Female,67.195.149.226
1421,Port,Cureton,pcuretonbo@nifty.com,Male,26.80.175.83
1422,Alyssa,Veck,aveckbp@ow.ly,Female,22.158.69.17
1423,Edita,Swetmore,eswetmorebq@nbcnews.com,Female,149.128.90.49
1424,Malvin,Djekic,mdjekicbr@unc.edu,Male,2.165.191.254
1425,Adiana,Kohnert,akohnertbs@ucoz.com,Female,35.129.168.3
1426,Bertrand,Potkin,bpotkinbt@themeforest.net,Male,171.255.70.120
1427,Koren,Olin,kolinbu@seattletimes.com,Female,36.207.10.154
1428,Felipe,Leavesley,fleavesleybv@posterous.com,Male,198.177.49.68
1429,Gray,Vivien,gvivienbw@deliciousdays.com,Female,197.110.135.179
1430,Jemie,Ferron,jferronbx@house.gov,Female,234.148.25.86
1431,Winny,Filchakov,wfilchakovby@wikipedia.org,Male,38.188.209.139
1432,Kelwin,Winckle,kwincklebz@wunderground.com,Male,71.23.208.196
1433,Chandra,Korting,ckortingc0@liveinternet.ru,Female,155.142.75.236
1434,Evan,Fackney,efackneyc1@amazon.de,Male,127.81.19.100
1435,Pieter,Marians,pmariansc2@cocolog-nifty.com,Male,75.23.240.0
1436,Niven,Aleshintsev,naleshintsevc3@altervista.org,Male,252.49.139.229
1437,Sharity,Hairsine,shairsinec4@spotify.com,Female,34.174.242.102
1438,Bradford,Jarrett,bjarrettc5@myspace.com,Male,188.133.254.26
1439,Sanders,Crampsy,scrampsyc6@flickr.com,Male,102.205.151.2
1440,Abbye,Blaisdell,ablaisdellc7@wsj.com,Female,71.13.138.85
1441,Rab,Dekeyser,rdekeyserc8@abc.net.au,Male,132.32.235.158
1442,Adaline,Boc,abocc9@comcast.net,Female,37.227.12.134
1443,Sven,Constantine,sconstantineca@thetimes.co.uk,Male,117.140.165.168
1444,Gaylor,Monroe,gmonroecb@mapy.cz,Male,4.144.77.167
1445,Yurik,Tussaine,ytussainecc@deviantart.com,Male,203.17.36.248
1446,Gussi,Duthie,gduthiecd@usa.gov,Female,73.112.229.0
1447,Tallou,Jagiela,tjagielace@tiny.cc,Female,212.74.107.239
1448,Agnola,Ballinghall,aballinghallcf@biglobe.ne.jp,Female,178.7.94.136
1449,Alexandrina,Drinkwater,adrinkwatercg@list-manage.com,Female,142.241.238.188
1450,Lianne,Burds,lburdsch@google.ca,Female,101.40.179.17
1451,Garik,Demeter,gdemeterci@weebly.com,Male,50.13.252.91
1452,Erick,Merfin,emerfincj@jigsy.com,Male,20.243.187.94
1453,Erv,Thring,ethringck@ucla.edu,Male,188.151.17.127
1454,Cyrill,Epps,ceppscl@123-reg.co.uk,Male,171.231.148.255
1455,Rodolphe,Bamlett,rbamlettcm@paginegialle.it,Male,94.83.222.137
1456,Juliana,Sprey,jspreycn@lulu.com,Female,20.39.19.45
1457,Nixie,Crookshanks,ncrookshanksco@salon.com,Female,139.87.66.152
1458,Clarence,Brimming,cbrimmingcp@ibm.com,Male,141.66.201.101
1459,Madge,Hain,mhaincq@ihg.com,Female,221.166.71.218
1460,Roselle,Rasch,rraschcr@wiley.com,Female,183.189.32.166
1461,Jeri,Tschersich,jtschersichcs@tinypic.com,Female,145.34.180.103
1462,Sven,Glide,sglidect@issuu.com,Male,150.129.23.163
1463,King,Barriball,kbarriballcu@tmall.com,Male,15.231.102.192
1464,Rana,Lancett,rlancettcv@ning.com,Female,98.194.144.88
1465,Chevalier,Chisholm,cchisholmcw@sogou.com,Male,162.154.183.48
1466,Liliane,Mayzes,lmayzescx@exblog.jp,Female,143.179.129.6
1467,D'arcy,Kirrens,dkirrenscy@intel.com,Male,185.72.16.62
1468,Kettie,Pierri,kpierricz@ustream.tv,Female,119.118.154.255
1469,Jane,Langrick,jlangrickd0@army.mil,Female,224.90.165.51
1470,Jamal,Royan,jroyand1@wsj.com,Male,120.34.19.72
1471,Devlin,Santi,dsantid2@drupal.org,Male,18.237.109.64
1472,Vick,Bosma,vbosmad3@virginia.edu,Male,95.128.202.184
1473,Lucian,McCafferky,lmccafferkyd4@networksolutions.com,Male,153.34.21.153
1474,Claudius,O' Shea,coshead5@cdc.gov,Male,5.216.148.174
1475,Roxie,Faint,rfaintd6@so-net.ne.jp,Female,74.100.38.104
1476,Carol-jean,Allright,callrightd7@omniture.com,Female,31.161.102.97
1477,Berny,Marqyes,bmarqyesd8@newsvine.com,Female,209.142.99.39
1478,Ellwood,Magor,emagord9@google.ru,Male,142.201.141.172
1479,Olly,Elsop,oelsopda@hud.gov,Female,75.99.112.3
1480,Giorgi,Rozea,grozeadb@businesswire.com,Male,157.160.88.92
1481,Isaac,Dilks,idilksdc@t-online.de,Male,241.87.46.195
1482,Marve,Fleis,mfleisdd@unc.edu,Male,149.28.38.99
1483,Jaimie,Packer,jpackerde@wufoo.com,Male,153.205.220.235
1484,Phoebe,Ropkins,propkinsdf@com.com,Female,198.183.65.128
1485,Imelda,Glenfield,iglenfielddg@seattletimes.com,Female,108.253.145.13
1486,Domini,Mercy,dmercydh@reuters.com,Female,181.48.81.26
1487,Muhammad,Dawson,mdawsondi@unesco.org,Male,88.61.170.215
1488,Myrtie,Noddings,mnoddingsdj@is.gd,Female,207.91.89.10
1489,Andriette,Jarratt,ajarrattdk@ifeng.com,Female,183.108.112.138
1490,Yancy,Leveridge,yleveridgedl@youtube.com,Male,98.86.23.86
1491,Jason,Stranieri,jstranieridm@uol.com.br,Male,69.153.194.111
1492,Jerrilyn,Kilmaster,jkilmasterdn@addthis.com,Female,37.106.57.212
1493,Euell,Huitson,ehuitsondo@ted.com,Male,122.141.166.220
1494,Corrie,Whistlecraft,cwhistlecraftdp@opera.com,Female,155.196.23.230
1495,Hadleigh,Wheeliker,hwheelikerdq@stanford.edu,Male,56.25.73.56
1496,Gustavo,Luparti,glupartidr@globo.com,Male,83.67.173.11
1497,Janice,Bedells,jbedellsds@harvard.edu,Female,116.197.0.110
1498,Kendal,Clethro,kclethrodt@businesswire.com,Male,91.188.229.28
1499,Stoddard,Caddy,scaddydu@java.com,Female,169.92.171.105
1500,Jewel,Huge,jhugedv@pcworld.com,Female,49.57.177.38
1501,Hurlee,Mulcaster,hmulcasterdw@cdc.gov,Male,105.78.202.210
1502,Kipp,Londesborough,klondesboroughdx@123-reg.co.uk,Male,73.202.245.245
1503,Berta,Le feuvre,blefeuvredy@miitbeian.gov.cn,Female,161.104.55.218
1504,Umeko,Cammacke,ucammackedz@hatena.ne.jp,Female,153.189.20.132
1505,Thedrick,Lukovic,tlukovice0@springer.com,Male,184.30.47.45
1506,Britt,Twells,btwellse1@booking.com,Male,64.30.133.124
1507,Godard,Christophers,gchristopherse2@epa.gov,Male,125.114.164.193
1508,Montague,McVittie,mmcvittiee3@unc.edu,Male,38.246.181.87
1509,Shelton,Powelee,spoweleee4@prnewswire.com,Male,234.225.161.168
1510,Hattie,Drinan,hdrinane5@goo.gl,Female,235.141.129.165
1511,Jemima,Hodgin,jhodgine6@sfgate.com,Female,248.157.220.226
1512,Minette,Diess,mdiesse7@harvard.edu,Female,36.125.201.94
1513,Wilhelm,Ramard,wramarde8@privacy.gov.au,Male,250.151.106.148
1514,Faith,Pentecust,fpentecuste9@bbb.org,Female,181.33.7.218
1515,Harbert,Dikelin,hdikelinea@ezinearticles.com,Male,51.194.245.142
1516,Rudy,Fulep,rfulepeb@ow.ly,Male,206.24.146.217
1517,Wyndham,Benyan,wbenyanec@goo.ne.jp,Male,83.221.16.17
1518,Andriette,Cossons,acossonsed@hp.com,Female,41.64.60.204
1519,Lianna,MacCumeskey,lmaccumeskeyee@aboutads.info,Female,186.55.197.93
1520,Hannie,Whimpenny,hwhimpennyef@facebook.com,Female,148.241.96.124
1521,Ross,Trelevan,rtrelevaneg@economist.com,Male,232.66.251.46
1522,Rickie,Kerry,rkerryeh@sogou.com,Female,54.194.243.218
1523,Mireille,Jacquemy,mjacquemyei@marketwatch.com,Female,164.162.239.116
1524,Anne-marie,Astill,aastillej@dion.ne.jp,Female,74.118.242.50
1525,Gerry,Camerana,gcameranaek@vinaora.com,Female,20.63.175.17
1526,Marty,Bloggett,mbloggettel@craigslist.org,Male,151.156.57.231
1527,Culley,Alleyn,calleynem@sogou.com,Male,28.1.126.228
1528,Eleanora,Knowles,eknowlesen@squarespace.com,Female,61.182.247.96
1529,Collette,Siene,csieneeo@cnbc.com,Female,54.104.97.186
1530,Carling,Brayne,cbrayneep@flickr.com,Male,20.110.35.25
1531,Bev,Schankelborg,bschankelborgeq@tumblr.com,Male,196.9.229.241
1532,Phylys,Learmonth,plearmonther@google.com.au,Female,213.137.157.237
1533,Benton,Izod,bizodes@networkadvertising.org,Male,20.217.177.95
1534,Judith,Marielle,jmarielleet@163.com,Female,161.126.153.248
1535,Beaufort,Veart,bvearteu@amazon.de,Male,232.8.195.14
1536,Jerry,Colquit,jcolquitev@blogtalkradio.com,Female,142.197.216.246
1537,Elvin,Roofe,eroofeew@symantec.com,Male,178.0.190.235
1538,Stevie,Castano,scastanoex@i2i.jp,Male,48.226.236.35
1539,Marci,Duignan,mduignaney@yolasite.com,Female,121.105.191.239
1540,Phyllida,Mabbutt,pmabbuttez@joomla.org,Female,194.200.82.247
1541,Paul,Prangley,pprangleyf0@google.cn,Male,247.188.121.143
1542,Eolande,Kindell,ekindellf1@google.ca,Female,81.224.240.96
1543,Lind,Hackley,lhackleyf2@hubpages.com,Male,251.244.116.125
1544,Dexter,Dommerque,ddommerquef3@economist.com,Male,114.4.97.193
1545,Janenna,McNicol,jmcnicolf4@geocities.jp,Female,111.205.251.117
1546,Michelina,Comley,mcomleyf5@360.cn,Female,70.219.116.98
1547,Clarence,McVeighty,cmcveightyf6@nps.gov,Male,56.156.125.8
1548,Darrell,Sabey,dsabeyf7@drupal.org,Male,148.243.6.30
1549,Rouvin,Bourhill,rbourhillf8@posterous.com,Male,134.114.199.230
1550,Daniele,Barson,dbarsonf9@wunderground.com,Female,115.165.157.140
1551,Tuckie,Pardey,tpardeyfa@google.es,Male,152.154.214.156
1552,Jim,Payley,jpayleyfb@prnewswire.com,Male,122.97.11.21
1553,Gerome,Spoole,gspoolefc@addtoany.com,Male,124.218.119.133
1554,Hilton,Condit,hconditfd@army.mil,Male,111.129.48.167
1555,Ashia,Jeffrey,ajeffreyfe@baidu.com,Female,36.164.252.109
1556,Ronni,Caws,rcawsff@usatoday.com,Female,156.212.89.210
1557,Nerte,Vasilchikov,nvasilchikovfg@smugmug.com,Female,19.182.61.69
1558,Gino,Lanchester,glanchesterfh@webnode.com,Male,249.181.171.169
1559,Alberik,Sissel,asisselfi@ovh.net,Male,56.186.210.39
1560,Frederich,Ayto,faytofj@gizmodo.com,Male,6.8.161.238
1561,Harley,Billyard,hbillyardfk@ca.gov,Female,219.154.138.30
1562,Glen,Joannic,gjoannicfl@buzzfeed.com,Female,124.230.153.205
1563,Desi,Maith,dmaithfm@rakuten.co.jp,Male,117.19.209.38
1564,Yetty,Fillery,yfilleryfn@fastcompany.com,Female,216.132.244.162
1565,Tierney,Rowth,trowthfo@symantec.com,Female,239.220.33.33
1566,Vivianne,Beech,vbeechfp@symantec.com,Female,214.238.214.64
1567,Adey,Kleis,akleisfq@bloglovin.com,Female,131.210.20.113
1568,Gar,Larvent,glarventfr@sogou.com,Male,236.51.163.28
1569,Noelle,Scothern,nscothernfs@ucsd.edu,Female,219.159.42.15
1570,Pamela,Dewdney,pdewdneyft@mail.ru,Female,240.66.231.234
1571,Christoper,Meadows,cmeadowsfu@freewebs.com,Male,118.245.76.177
1572,Cammi,Nettle,cnettlefv@ed.gov,Female,92.174.229.22
1573,Hadlee,Davern,hdavernfw@smh.com.au,Male,107.63.9.138
1574,Tom,Summers,tsummersfx@angelfire.com,Male,219.232.125.100
1575,Pace,Halladey,phalladeyfy@nifty.com,Male,99.158.212.64
1576,Helenka,Cordelette,hcordelettefz@china.com.cn,Female,44.176.242.30
1577,Nancey,Diem,ndiemg0@yellowbook.com,Female,196.38.137.138
1578,Kerrie,Hayers,khayersg1@hc360.com,Female,54.99.218.77
1579,Camala,McGilvary,cmcgilvaryg2@unicef.org,Female,36.102.121.223
1580,Ardith,Vinton,avintong3@twitter.com,Female,129.168.185.235
1581,Tan,Pooley,tpooleyg4@sakura.ne.jp,Male,108.86.213.118
1582,Berty,Buckley,bbuckleyg5@tinyurl.com,Female,97.44.178.140
1583,Lavena,Bourdice,lbourdiceg6@macromedia.com,Female,158.255.140.2
1584,Quint,Fidelus,qfidelusg7@flavors.me,Male,160.51.189.92
1585,Fairlie,Dyke,fdykeg8@mit.edu,Male,113.7.167.178
1586,Jeannette,Pebworth,jpebworthg9@cnn.com,Female,129.4.65.16
1587,Garvy,Magog,gmagogga@feedburner.com,Male,248.238.112.197
1588,Kamila,Simoneton,ksimonetongb@1und1.de,Female,1.96.202.124
1589,Kingsly,Taggerty,ktaggertygc@ow.ly,Male,0.127.152.223
1590,Wallas,Coie,wcoiegd@independent.co.uk,Male,83.212.248.138
1591,Immanuel,Tubbs,itubbsge@icq.com,Male,107.81.21.206
1592,Hammad,Turpey,hturpeygf@cbslocal.com,Male,47.115.110.47
1593,Jeno,Callcott,jcallcottgg@squidoo.com,Male,191.87.237.246
1594,Brana,Aireton,bairetongh@tamu.edu,Female,60.178.159.177
1595,Linus,Curuclis,lcuruclisgi@usnews.com,Male,27.10.9.232
1596,Gayel,Marns,gmarnsgj@amazon.co.uk,Female,104.57.78.199
1597,Marina,Dollimore,mdollimoregk@patch.com,Female,97.68.28.243
1598,Celeste,Meeland,cmeelandgl@bizjournals.com,Female,33.159.253.190
1599,Toddie,Dominighi,tdominighigm@auda.org.au,Male,125.215.218.227
1600,Sheppard,Joslow,sjoslowgn@liveinternet.ru,Male,244.51.169.23
1601,Dael,Pudsall,dpudsallgo@imageshack.us,Male,34.46.107.244
1602,Zarla,Dutch,zdutchgp@sina.com.cn,Female,122.77.139.86
1603,Gaspar,Pentin,gpentingq@barnesandnoble.com,Male,204.96.58.17
1604,Kristoffer,Pead,kpeadgr@scribd.com,Male,255.150.169.15
1605,Yulma,Janikowski,yjanikowskigs@istockphoto.com,Male,20.238.112.191
1606,Savina,McGinnis,smcginnisgt@baidu.com,Female,123.107.171.17
1607,Marjory,Shearn,mshearngu@webnode.com,Female,112.208.151.8
1608,Rosalinde,Bassil,rbassilgv@msu.edu,Female,231.223.163.11
1609,Waylon,Hamnett,whamnettgw@imdb.com,Male,253.133.138.249
1610,Timmie,Goulding,tgouldinggx@sun.com,Female,27.116.3.210
1611,Bord,Northeast,bnortheastgy@mysql.com,Male,198.130.227.107
1612,Anitra,Tuxill,atuxillgz@deliciousdays.com,Female,217.197.252.177
1613,Yetta,Yellowlea,yyellowleah0@indiegogo.com,Female,22.184.79.152
1614,Rosalinda,Bonar,rbonarh1@google.com,Female,133.210.114.157
1615,Hestia,Critchley,hcritchleyh2@techcrunch.com,Female,105.133.149.148
1616,Walton,Lindenfeld,wlindenfeldh3@google.com.br,Male,237.249.56.134
1617,Melinde,Filipczynski,mfilipczynskih4@seattletimes.com,Female,189.141.120.253
1618,Noll,Sadlier,nsadlierh5@google.com.au,Male,55.47.156.93
1619,Chariot,Groven,cgrovenh6@163.com,Male,117.158.209.36
1620,Baily,Harvison,bharvisonh7@xing.com,Male,50.101.128.235
1621,Royall,MacEvilly,rmacevillyh8@com.com,Male,247.99.202.175
1622,Raphael,Kinnett,rkinnetth9@bandcamp.com,Male,187.44.189.220
1623,Garey,Pounds,gpoundsha@gmpg.org,Male,8.43.198.68
1624,Ingmar,Tuff,ituffhb@nsw.gov.au,Male,221.53.235.226
1625,Nita,Crosson,ncrossonhc@mapy.cz,Female,41.15.136.173
1626,Ezra,Garthshore,egarthshorehd@sohu.com,Male,156.13.253.94
1627,Tadio,Huxster,thuxsterhe@edublogs.org,Male,113.112.55.172
1628,Katleen,Spavins,kspavinshf@wikipedia.org,Female,240.63.172.234
1629,Elisabetta,Sillick,esillickhg@state.tx.us,Female,254.212.57.12
1630,Hermon,D'Antuoni,hdantuonihh@cloudflare.com,Male,70.88.47.10
1631,Bianka,Dun,bdunhi@photobucket.com,Female,147.188.37.112
1632,Miguelita,Deighan,mdeighanhj@so-net.ne.jp,Female,187.214.202.53
1633,Giff,Jellings,gjellingshk@aol.com,Male,207.115.66.67
1634,Harrie,Gueste,hguestehl@skype.com,Female,60.175.127.21
1635,Lucina,Boddie,lboddiehm@sitemeter.com,Female,172.209.222.11
1636,Hube,Mahomet,hmahomethn@plala.or.jp,Male,20.7.128.147
1637,Melony,Jickells,mjickellsho@samsung.com,Female,35.162.211.156
1638,Teriann,Killough,tkilloughhp@stumbleupon.com,Female,141.165.141.121
1639,Job,Henriquet,jhenriquethq@stumbleupon.com,Male,108.211.217.101
1640,Geoffrey,Hoppner,ghoppnerhr@cafepress.com,Male,228.235.60.91
1641,Kenon,Osgarby,kosgarbyhs@seattletimes.com,Male,78.13.145.142
1642,Bernadette,Page,bpageht@squidoo.com,Female,145.18.156.16
1643,Sharon,Marquet,smarquethu@odnoklassniki.ru,Female,209.14.236.157
1644,Chelsey,Olley,colleyhv@soup.io,Female,6.184.19.204
1645,Durward,Mettricke,dmettrickehw@umich.edu,Male,84.13.233.234
1646,Clareta,Scotchmoor,cscotchmoorhx@stumbleupon.com,Female,144.246.1.6
1647,Graeme,Dalli,gdallihy@1und1.de,Male,0.247.88.81
1648,Imojean,Cartman,icartmanhz@flavors.me,Female,37.144.25.134
1649,Rosalind,Gostall,rgostalli0@qq.com,Female,247.100.241.221
1650,Samson,Watford,swatfordi1@homestead.com,Male,96.170.83.162
1651,Kati,Lamey,klameyi2@cmu.edu,Female,25.40.99.214
1652,Nathanial,Dovidian,ndovidiani3@geocities.jp,Male,53.5.137.116
1653,Luise,Whitefoot,lwhitefooti4@twitter.com,Female,106.0.173.198
1654,Kara-lynn,Lawtey,klawteyi5@ft.com,Female,153.134.20.220
1655,Lorens,Slot,lsloti6@google.co.uk,Male,110.124.159.63
1656,Ariella,Crowcum,acrowcumi7@independent.co.uk,Female,18.129.94.206
1657,Kerri,Barringer,kbarringeri8@paypal.com,Female,122.55.104.156
1658,Blaine,McKevin,bmckevini9@yale.edu,Male,150.183.187.44
1659,Rustie,Caswill,rcaswillia@cargocollective.com,Male,89.167.252.128
1660,Ogden,Gadault,ogadaultib@globo.com,Male,51.18.55.108
1661,Amelina,Jirek,ajirekic@ca.gov,Female,75.232.103.246
1662,Baird,Dexter,bdexterid@miitbeian.gov.cn,Male,170.225.52.243
1663,Caitrin,Mandrake,cmandrakeie@webeden.co.uk,Female,245.134.202.242
1664,Kristofor,Waleran,kwaleranif@csmonitor.com,Male,104.225.167.146
1665,Kala,Tennet,ktennetig@gravatar.com,Female,10.203.166.107
1666,Crystie,Craven,ccravenih@w3.org,Female,53.132.120.175
1667,Lenka,Sharvell,lsharvellii@acquirethisname.com,Female,127.107.143.175
1668,Kimberley,Joselevitz,kjoselevitzij@qq.com,Female,173.210.241.218
1669,Olivero,Chislett,ochislettik@plala.or.jp,Male,54.232.37.190
1670,Brenden,Bester,bbesteril@ezinearticles.com,Male,196.4.145.131
1671,Lexis,Songust,lsongustim@wikispaces.com,Female,50.90.212.223
1672,Afton,Atteridge,aatteridgein@bbc.co.uk,Female,35.22.112.46
1673,Pattie,Sprey,pspreyio@fc2.com,Male,171.1.132.105
1674,Ted,Louis,tlouisip@fc2.com,Male,116.41.177.21
1675,Collen,O'Shea,cosheaiq@barnesandnoble.com,Female,215.172.175.51
1676,Morgen,Swyn,mswynir@dmoz.org,Male,210.72.104.175
1677,Claudius,Willison,cwillisonis@psu.edu,Male,8.253.158.184
1678,Skipton,Folli,sfolliit@devhub.com,Male,135.115.223.11
1679,Gaile,Reinbeck,greinbeckiu@arstechnica.com,Male,9.124.251.208
1680,Gasparo,Curless,gcurlessiv@themeforest.net,Male,192.248.33.213
1681,Brigham,Lumb,blumbiw@rediff.com,Male,47.187.195.176
1682,Aleta,Feron,aferonix@hibu.com,Female,47.168.193.201
1683,Stephani,Creigan,screiganiy@spotify.com,Female,219.191.237.71
1684,Ralf,Heam,rheamiz@washingtonpost.com,Male,104.161.122.217
1685,Sven,McAsgill,smcasgillj0@usgs.gov,Male,237.91.221.22
1686,Ki,Knox,kknoxj1@ycombinator.com,Female,5.94.45.81
1687,Dulcy,Ponten,dpontenj2@infoseek.co.jp,Female,238.4.85.135
1688,Keith,Morcom,kmorcomj3@opensource.org,Male,185.168.22.1
1689,Cassy,Izod,cizodj4@goo.ne.jp,Female,229.63.0.176
1690,Auberon,Boyton,aboytonj5@vimeo.com,Male,247.188.219.184
1691,Leia,Llewhellin,lllewhellinj6@cbsnews.com,Female,183.1.71.169
1692,Merla,Bramhill,mbramhillj7@yahoo.co.jp,Female,136.43.93.31
1693,Amabel,Battman,abattmanj8@google.ca,Female,10.113.144.230
1694,Fraze,Kitt,fkittj9@addthis.com,Male,117.3.1.106
1695,Tyson,Mugg,tmuggja@cmu.edu,Male,192.75.46.97
1696,Olva,Tearny,otearnyjb@sogou.com,Female,15.138.184.140
1697,Salmon,Genge,sgengejc@earthlink.net,Male,163.101.61.216
1698,Eldin,Boumphrey,eboumphreyjd@google.ru,Male,11.142.151.59
1699,Horacio,Howells,hhowellsje@forbes.com,Male,148.166.137.184
1700,Price,Phillipson,pphillipsonjf@dmoz.org,Male,66.222.179.236
1701,Brandi,Rosnau,brosnaujg@wikipedia.org,Female,195.106.119.136
1702,Murry,Newhouse,mnewhousejh@yahoo.co.jp,Male,61.134.213.61
1703,Hebert,Kingett,hkingettji@smugmug.com,Male,20.153.92.86
1704,Quinlan,Aris,qarisjj@wp.com,Male,227.193.42.209
1705,Kalie,Oattes,koattesjk@state.gov,Female,246.69.238.118
1706,Sarette,Fydo,sfydojl@google.co.jp,Female,119.175.5.219
1707,Horatius,Cleverley,hcleverleyjm@gizmodo.com,Male,60.62.245.14
1708,Millard,Bachs,mbachsjn@yellowbook.com,Male,117.56.13.93
1709,Olia,Verbruggen,overbruggenjo@scribd.com,Female,45.10.183.17
1710,Kassi,Tidy,ktidyjp@prlog.org,Female,44.22.139.192
1711,Serena,How,showjq@prweb.com,Female,197.203.247.66
1712,Yvonne,Minard,yminardjr@cnbc.com,Female,2.217.26.250
1713,Malynda,Hansana,mhansanajs@hexun.com,Female,246.229.42.98
1714,Madelyn,Bembrigg,mbembriggjt@smugmug.com,Female,210.48.217.253
1715,Duffy,Blachford,dblachfordju@state.tx.us,Male,136.237.202.204
1716,Dannye,Fiddiman,dfiddimanjv@google.com.au,Female,109.243.10.235
1717,Harris,Keld,hkeldjw@nationalgeographic.com,Male,69.80.174.242
1718,Lindi,Boddymead,lboddymeadjx@businesswire.com,Female,233.139.174.45
1719,Inga,Duxbury,iduxburyjy@skyrock.com,Female,23.170.35.93
1720,Cesare,Samsonsen,csamsonsenjz@ucsd.edu,Male,215.36.128.142
1721,Boony,Cummine,bcumminek0@studiopress.com,Male,235.222.113.33
1722,Elfrieda,Schultes,eschultesk1@cnn.com,Female,200.160.18.200
1723,Blayne,Burbury,bburburyk2@arstechnica.com,Male,138.6.104.3
1724,Theodora,Mowat,tmowatk3@comcast.net,Female,201.224.201.181
1725,Benyamin,Ubsdall,bubsdallk4@bloglines.com,Male,35.94.16.178
1726,Dorri,Breese,dbreesek5@prnewswire.com,Female,254.120.180.44
1727,Hillary,Persey,hperseyk6@wix.com,Male,9.69.77.231
1728,Gerti,Chesshire,gchesshirek7@alexa.com,Female,132.84.128.207
1729,Cally,MacTrustey,cmactrusteyk8@wordpress.org,Female,150.214.229.71
1730,Malynda,Matthew,mmatthewk9@icq.com,Female,5.106.214.64
1731,Teddy,Delicate,tdelicateka@loc.gov,Male,109.254.123.112
1732,Freida,Rexworthy,frexworthykb@upenn.edu,Female,61.38.227.73
1733,Kare,Bolland,kbollandkc@huffingtonpost.com,Female,204.207.134.107
1734,Ware,Doyley,wdoyleykd@techcrunch.com,Male,55.150.240.126
1735,Ruperta,Hovie,rhovieke@jimdo.com,Female,70.250.128.114
1736,Haleigh,Brydell,hbrydellkf@dagondesign.com,Female,121.244.216.128
1737,Jehu,Shird,jshirdkg@meetup.com,Male,123.103.9.48
1738,Mallory,Dresche,mdreschekh@amazonaws.com,Female,198.204.46.98
1739,Hephzibah,Drayn,hdraynki@washington.edu,Female,195.8.92.76
1740,Neile,Shortall,nshortallkj@hubpages.com,Female,12.38.148.180
1741,Zeke,Hilley,zhilleykk@stanford.edu,Male,232.223.131.200
1742,Perry,Rymell,prymellkl@craigslist.org,Female,66.57.114.214
1743,Ernesto,Neaverson,eneaversonkm@sourceforge.net,Male,232.210.43.19
1744,Halley,Ramelot,hramelotkn@nba.com,Female,25.134.207.237
1745,Alan,Dailey,adaileyko@webeden.co.uk,Male,17.188.221.204
1746,Felicity,Packwood,fpackwoodkp@skype.com,Female,167.6.175.218
1747,Frankie,Veitch,fveitchkq@hp.com,Female,234.11.184.154
1748,Garland,Barber,gbarberkr@angelfire.com,Female,8.195.43.91
1749,Estevan,Boatwright,eboatwrightks@slate.com,Male,209.155.138.235
1750,Randee,Stritton,rstrittonkt@dropbox.com,Female,117.110.75.13
1751,Sheelah,Worgan,sworganku@dagondesign.com,Female,212.83.206.15
1752,Ottilie,Linkie,olinkiekv@dropbox.com,Female,251.149.4.229
1753,Eb,MacAlinden,emacalindenkw@sina.com.cn,Male,184.3.158.100
1754,Archambault,Filipiak,afilipiakkx@odnoklassniki.ru,Male,248.180.68.168
1755,Allyn,Bearne,abearneky@miitbeian.gov.cn,Male,250.54.15.212
1756,Leonard,Dumingo,ldumingokz@acquirethisname.com,Male,226.9.79.119
1757,Dimitry,Bangley,dbangleyl0@eventbrite.com,Male,135.16.12.88
1758,Carmina,Wheadon,cwheadonl1@newsvine.com,Female,161.2.48.184
1759,Yolane,Bengough,ybengoughl2@microsoft.com,Female,30.194.102.158
1760,Carley,Hercules,cherculesl3@multiply.com,Female,241.169.250.234
1761,Kira,Callaghan,kcallaghanl4@surveymonkey.com,Female,53.3.145.75
1762,Martin,Snawdon,msnawdonl5@biblegateway.com,Male,119.238.150.247
1763,Ingar,Romaine,iromainel6@umich.edu,Male,54.87.245.253
1764,Chris,Cullington,ccullingtonl7@godaddy.com,Female,130.78.235.236
1765,Cammy,Tozer,ctozerl8@spotify.com,Male,75.94.166.106
1766,Elie,Skene,eskenel9@feedburner.com,Female,59.107.43.60
1767,Laughton,Vero,lverola@hostgator.com,Male,163.71.67.119
1768,Adrianne,Georgeou,ageorgeoulb@nationalgeographic.com,Female,56.193.23.135
1769,Talbot,Reolfo,treolfolc@furl.net,Male,102.44.212.216
1770,Enrichetta,Alan,ealanld@umn.edu,Female,214.221.17.217
1771,Reeva,Ends,rendsle@instagram.com,Female,33.22.211.214
1772,Kylila,Jans,kjanslf@godaddy.com,Female,216.37.51.231
1773,Skipper,Heinritz,sheinritzlg@adobe.com,Male,57.93.74.188
1774,Sallyann,Warrick,swarricklh@bing.com,Female,30.200.236.149
1775,Bradney,Rasmus,brasmusli@chronoengine.com,Male,102.229.149.226
1776,Olympia,Barnewall,obarnewalllj@google.co.jp,Female,180.15.148.242
1777,Gaston,Puller,gpullerlk@google.pl,Male,231.98.26.34
1778,Nigel,Carless,ncarlessll@nytimes.com,Male,210.41.67.82
1779,Caspar,Sam,csamlm@edublogs.org,Male,184.111.68.25
1780,Ricoriki,Calvie,rcalvieln@aol.com,Male,3.214.172.2
1781,Reuven,Pabelik,rpabeliklo@icq.com,Male,79.111.24.151
1782,Nap,Carnilian,ncarnilianlp@technorati.com,Male,143.238.44.94
1783,Elianore,Van Geffen,evangeffenlq@over-blog.com,Female,91.174.89.38
1784,Corie,Koppens,ckoppenslr@skyrock.com,Female,152.115.21.84
1785,Estevan,Oxtoby,eoxtobyls@goo.ne.jp,Male,13.140.16.212
1786,Marilin,Fippe,mfippelt@indiatimes.com,Female,185.191.122.96
1787,Dominga,Blinco,dblincolu@earthlink.net,Female,109.122.208.12
1788,Jeanine,Lamb-shine,jlambshinelv@shareasale.com,Female,33.6.72.109
1789,Shari,Wildber,swildberlw@gravatar.com,Female,72.226.18.191
1790,Suzette,Gorgler,sgorglerlx@cbslocal.com,Female,160.65.179.169
1791,Georgiana,McElrath,gmcelrathly@hugedomains.com,Female,231.112.227.237
1792,Davin,Drinnan,ddrinnanlz@ca.gov,Male,240.175.167.38
1793,Emma,Rousby,erousbym0@wsj.com,Female,179.71.177.162
1794,Auguste,Verrillo,averrillom1@epa.gov,Female,51.250.36.20
1795,Carlie,Corps,ccorpsm2@chron.com,Male,18.20.192.2
1796,Willis,Rodgerson,wrodgersonm3@4shared.com,Male,187.140.18.238
1797,Arielle,Bolsover,abolsoverm4@dot.gov,Female,127.81.137.63
1798,Tristam,Rosencrantz,trosencrantzm5@dedecms.com,Male,85.186.210.161
1799,Martie,Cheeke,mcheekem6@geocities.jp,Female,190.240.138.122
1800,Ansel,Gorman,agormanm7@hexun.com,Male,241.226.10.83
1801,Lotta,Dyos,ldyosm8@tripadvisor.com,Female,148.246.162.165
1802,Sherri,Landis,slandism9@jiathis.com,Female,190.233.54.140
1803,Stavros,Gorman,sgormanma@tiny.cc,Male,98.166.212.64
1804,Benita,Piburn,bpiburnmb@oakley.com,Female,153.68.95.56
1805,Jemmy,Turfus,jturfusmc@rediff.com,Female,46.20.32.4
1806,Bryan,Lince,blincemd@nymag.com,Male,200.87.243.89
1807,Danika,Brea,dbreame@mozilla.org,Female,119.191.245.209
1808,Saundra,Gadd,sgaddmf@shareasale.com,Male,75.222.232.229
1809,Grant,Witard,gwitardmg@google.co.jp,Male,229.254.13.204
1810,Malva,Plumbridge,mplumbridgemh@sbwire.com,Female,208.212.92.149
1811,Denyse,Bartlam,dbartlammi@wix.com,Female,0.217.125.69
1812,Chelsey,Harriman,charrimanmj@unc.edu,Female,129.144.255.36
1813,Scarlett,Teggart,steggartmk@indiegogo.com,Female,165.115.186.34
1814,Broderic,Kynoch,bkynochml@wikia.com,Male,22.198.233.37
1815,Daphene,Barkaway,dbarkawaymm@mozilla.org,Female,222.106.201.196
1816,Darell,Abramowitch,dabramowitchmn@auda.org.au,Female,89.222.248.194
1817,Kimmy,Slora,ksloramo@google.com.br,Female,182.99.151.20
1818,Addie,Ensley,aensleymp@ft.com,Female,56.76.151.226
1819,Aluino,Craisford,acraisfordmq@multiply.com,Male,13.121.219.89
1820,Raymond,Pummery,rpummerymr@squarespace.com,Male,101.11.209.12
1821,Hinda,Frickey,hfrickeyms@sina.com.cn,Female,124.95.191.210
1822,Katheryn,Noni,knonimt@newsvine.com,Female,219.140.194.93
1823,Sibilla,Roake,sroakemu@bloomberg.com,Female,74.76.45.136
1824,Deane,Turmel,dturmelmv@theatlantic.com,Male,253.135.199.42
1825,Binnie,Nash,bnashmw@dagondesign.com,Female,59.128.173.118
1826,Gwenni,Willowby,gwillowbymx@homestead.com,Female,121.241.73.68
1827,Elijah,Howitt,ehowittmy@alexa.com,Male,60.68.232.26
1828,Carr,Bloxsom,cbloxsommz@clickbank.net,Male,105.203.117.45
1829,Cilka,Feehan,cfeehann0@smugmug.com,Female,201.207.213.107
1830,Christel,Spadelli,cspadellin1@dropbox.com,Female,186.214.147.52
1831,Mordecai,Liddiard,mliddiardn2@networkadvertising.org,Male,132.182.70.59
1832,Cris,Elmes,celmesn3@amazonaws.com,Female,186.89.55.28
1833,Brandon,Jalland,bjallandn4@unc.edu,Male,196.163.71.68
1834,Taddeo,Greste,tgresten5@constantcontact.com,Male,177.33.209.112
1835,Lauryn,Rigglesford,lrigglesfordn6@google.com.au,Female,149.165.170.12
1836,Broderic,Devlin,bdevlinn7@tmall.com,Male,207.149.141.112
1837,Adam,Filipputti,afilipputtin8@theglobeandmail.com,Male,1.210.109.31
1838,Codie,Brolan,cbrolann9@amazon.de,Female,77.30.219.254
1839,Aigneis,Gatland,agatlandna@nymag.com,Female,66.126.241.183
1840,Nappie,Greening,ngreeningnb@samsung.com,Male,155.174.104.73
1841,Grantley,Bisco,gbisconc@nymag.com,Male,225.95.73.2
1842,Malachi,Cawdron,mcawdronnd@devhub.com,Male,18.31.7.82
1843,Candie,Kynvin,ckynvinne@freewebs.com,Female,53.236.209.58
1844,Mercie,Cleatherow,mcleatherownf@cyberchimps.com,Female,32.195.231.224
1845,Erika,Tomlins,etomlinsng@usatoday.com,Female,82.136.34.154
1846,Orella,Oluwatoyin,ooluwatoyinnh@sun.com,Female,41.124.49.176
1847,Farrell,Zavittieri,fzavittierini@hubpages.com,Male,188.112.35.99
1848,Claudetta,Filde,cfildenj@ebay.co.uk,Female,155.80.93.208
1849,Vina,Duffyn,vduffynnk@theglobeandmail.com,Female,111.128.8.77
1850,Violetta,Lesurf,vlesurfnl@dell.com,Female,108.218.73.211
1851,Jemie,Grafham,jgrafhamnm@bigcartel.com,Female,151.178.76.238
1852,Harbert,Lewsey,hlewseynn@joomla.org,Male,225.140.156.92
1853,Noby,Bronot,nbronotno@soundcloud.com,Male,143.206.24.227
1854,Demetris,Clifton,dcliftonnp@alibaba.com,Male,59.130.200.168
1855,Theresita,Duiguid,tduiguidnq@i2i.jp,Female,186.208.12.78
1856,Teddi,Eastbrook,teastbrooknr@gov.uk,Female,28.171.138.182
1857,Hirsch,Ive,hivens@bandcamp.com,Male,106.152.255.164
1858,Tabby,Gofford,tgoffordnt@wordpress.org,Female,237.107.121.175
1859,Farlie,Fansy,ffansynu@acquirethisname.com,Male,36.51.170.100
1860,Noellyn,Bergeon,nbergeonnv@amazon.de,Female,111.4.126.250
1861,Caz,Colvie,ccolvienw@deviantart.com,Male,214.229.149.245
1862,Imelda,Melluish,imelluishnx@seattletimes.com,Female,198.212.73.239
1863,Sid,Alloisi,salloisiny@mozilla.com,Male,61.53.25.135
1864,Rem,Simpson,rsimpsonnz@w3.org,Male,173.134.245.76
1865,Onfroi,Lodeke,olodekeo0@hhs.gov,Male,78.1.223.92
1866,Fabian,Brisset,fbrisseto1@redcross.org,Male,254.177.142.29
1867,Gaby,Grigorian,ggrigoriano2@xing.com,Male,102.141.205.63
1868,Barby,Farlambe,bfarlambeo3@taobao.com,Female,236.193.109.207
1869,Kerrin,Merwood,kmerwoodo4@baidu.com,Female,17.22.165.126
1870,Sashenka,McMonies,smcmonieso5@storify.com,Female,0.85.100.92
1871,Josselyn,Kettlestringe,jkettlestringeo6@sitemeter.com,Female,251.227.131.34
1872,Gaylord,Poland,gpolando7@free.fr,Male,91.96.39.132
1873,Emmalynn,Earingey,eearingeyo8@hubpages.com,Female,115.101.75.206
1874,Sandor,Bellard,sbellardo9@walmart.com,Male,160.254.220.29
1875,Fletch,Blackstock,fblackstockoa@printfriendly.com,Male,40.17.106.254
1876,Tate,Almeida,talmeidaob@studiopress.com,Male,100.29.52.230
1877,Keary,Mockford,kmockfordoc@mapquest.com,Male,62.242.118.189
1878,Brande,Schaffel,bschaffelod@ocn.ne.jp,Female,234.194.53.147
1879,Kaye,Barbe,kbarbeoe@nydailynews.com,Female,214.121.1.117
1880,Glenn,Geake,ggeakeof@simplemachines.org,Male,225.63.46.74
1881,Grady,Tomashov,gtomashovog@walmart.com,Male,70.184.15.6
1882,Cathrin,Kliche,cklicheoh@cocolog-nifty.com,Female,166.172.20.110
1883,Brook,Reeve,breeveoi@dagondesign.com,Female,10.29.220.221
1884,Domenic,Heustice,dheusticeoj@1688.com,Male,63.171.156.208
1885,Stanley,Reicherz,sreicherzok@cnbc.com,Male,214.209.42.182
1886,Renelle,Pallaske,rpallaskeol@aboutads.info,Female,15.212.13.87
1887,Heidie,Wudeland,hwudelandom@si.edu,Female,245.213.137.42
1888,Angelica,Wearne,awearneon@patch.com,Female,92.31.209.222
1889,Micaela,Dawtre,mdawtreoo@cpanel.net,Female,46.94.222.31
1890,Kienan,Wingrove,kwingroveop@google.it,Male,5.205.162.154
1891,Lorianna,Perone,lperoneoq@statcounter.com,Female,129.105.229.107
1892,Gilberta,Hammond,ghammondor@furl.net,Female,208.214.95.73
1893,Arvin,Romanet,aromanetos@globo.com,Male,53.199.4.206
1894,Willard,Eldershaw,weldershawot@unblog.fr,Male,18.110.242.151
1895,Theressa,Gammage,tgammageou@weebly.com,Female,223.244.134.171
1896,Granthem,Comsty,gcomstyov@forbes.com,Male,19.67.81.184
1897,Gretal,Rebillard,grebillardow@microsoft.com,Female,61.149.161.60
1898,Gottfried,Buckland,gbucklandox@sfgate.com,Male,39.178.167.3
1899,Minnaminnie,Wilkinson,mwilkinsonoy@nih.gov,Female,68.31.224.221
1900,Frasier,Meiner,fmeineroz@whitehouse.gov,Male,68.211.5.123
1901,Celka,Spira,cspirap0@plala.or.jp,Female,110.207.230.54
1902,Cathy,Eades,ceadesp1@gnu.org,Female,14.115.242.230
1903,Erhart,Baszniak,ebaszniakp2@altervista.org,Male,14.191.108.25
1904,Rockie,Harries,rharriesp3@psu.edu,Male,175.62.173.202
1905,Ardys,Osgardby,aosgardbyp4@si.edu,Female,185.111.242.196
1906,Torrin,Eymer,teymerp5@geocities.com,Male,8.8.78.216
1907,Elmo,Bayns,ebaynsp6@altervista.org,Male,190.80.57.240
1908,Les,Righy,lrighyp7@netscape.com,Male,7.31.198.220
1909,Sheilah,Hanburry,shanburryp8@ihg.com,Female,191.96.73.69
1910,Ruthy,Warwick,rwarwickp9@theatlantic.com,Female,224.165.159.136
1911,Willem,Padgham,wpadghampa@virginia.edu,Male,7.61.14.165
1912,Simeon,Bagnall,sbagnallpb@globo.com,Male,38.61.198.178
1913,Andrey,Lyburn,alyburnpc@sogou.com,Male,184.69.122.115
1914,Lorain,Rissen,lrissenpd@economist.com,Female,40.227.131.212
1915,Terrye,Sweedland,tsweedlandpe@tmall.com,Female,96.202.188.162
1916,Holt,Harmson,hharmsonpf@booking.com,Male,190.72.124.7
1917,Kylie,Gregh,kgreghpg@webeden.co.uk,Male,2.189.0.147
1918,Brew,Glencros,bglencrosph@cargocollective.com,Male,118.114.99.197
1919,Marv,McIlroy,mmcilroypi@ftc.gov,Male,19.215.120.64
1920,Silvia,Pettko,spettkopj@alexa.com,Female,160.171.12.71
1921,Gill,Sherington,gsheringtonpk@psu.edu,Female,86.150.54.107
1922,Eydie,Stockdale,estockdalepl@marriott.com,Female,46.166.191.200
1923,Anestassia,Morlon,amorlonpm@hao123.com,Female,224.234.250.187
1924,Marrilee,Haggerwood,mhaggerwoodpn@census.gov,Female,250.176.197.51
1925,Nicole,Hargreaves,nhargreavespo@army.mil,Female,222.44.152.28
1926,Jedediah,Gellert,jgellertpp@oakley.com,Male,157.118.98.199
1927,Johnath,Jenkison,jjenkisonpq@shutterfly.com,Female,191.186.149.98
1928,Darcey,Meindl,dmeindlpr@ox.ac.uk,Female,87.89.245.131
1929,Orlan,Cough,ocoughps@yale.edu,Male,100.205.21.188
1930,Myriam,Cubbinelli,mcubbinellipt@tamu.edu,Female,126.184.30.25
1931,Carlene,Timby,ctimbypu@photobucket.com,Female,230.196.218.211
1932,Wes,Jerdan,wjerdanpv@si.edu,Male,77.144.65.55
1933,Sinclair,Skurray,sskurraypw@weather.com,Male,178.83.125.155
1934,Vivien,Mordy,vmordypx@nih.gov,Female,131.250.68.165
1935,Ogdan,Tapper,otapperpy@go.com,Male,70.127.85.143
1936,Edgar,Sommerlin,esommerlinpz@cornell.edu,Male,226.136.105.111
1937,Raimund,Node,rnodeq0@diigo.com,Male,48.235.132.51
1938,Trip,Purdom,tpurdomq1@cnn.com,Male,29.2.14.3
1939,Matt,Aldwinckle,maldwinckleq2@fc2.com,Male,41.4.181.225
1940,Haily,Seamons,hseamonsq3@dmoz.org,Female,95.241.39.22
1941,Gabbi,Safont,gsafontq4@live.com,Female,242.12.151.86
1942,Earvin,Stevings,estevingsq5@dropbox.com,Male,203.218.111.53
1943,Clementius,Shirlaw,cshirlawq6@apple.com,Male,32.178.45.210
1944,Emile,Carwithim,ecarwithimq7@yolasite.com,Male,216.118.249.101
1945,Callie,Romaine,cromaineq8@nbcnews.com,Female,51.225.209.107
1946,Flor,Yglesia,fyglesiaq9@issuu.com,Female,99.119.149.98
1947,Bette-ann,Wildish,bwildishqa@bluehost.com,Female,131.178.214.113
1948,Bunni,Boomes,bboomesqb@netlog.com,Female,20.5.171.71
1949,Walton,Cressy,wcressyqc@nps.gov,Male,149.112.197.46
1950,Costa,Fairnie,cfairnieqd@census.gov,Male,157.237.43.106
1951,Quentin,Savoury,qsavouryqe@blogspot.com,Female,25.2.100.54
1952,Dimitri,Quick,dquickqf@geocities.jp,Male,247.163.9.225
1953,Leonora,Feaster,lfeasterqg@theguardian.com,Female,50.13.184.98
1954,Collette,Lampert,clampertqh@huffingtonpost.com,Female,96.28.122.135
1955,Pierson,Jerzyk,pjerzykqi@omniture.com,Male,37.186.200.5
1956,Barby,Foort,bfoortqj@sogou.com,Female,143.69.70.0
1957,Georgia,Celloni,gcelloniqk@sphinn.com,Female,66.136.238.12
1958,Curry,Burgin,cburginql@economist.com,Male,127.128.35.77
1959,Cart,Ohrt,cohrtqm@phoca.cz,Male,27.150.18.207
1960,Anet,Jorioz,ajoriozqn@istockphoto.com,Female,28.97.106.211
1961,Johnette,Ebanks,jebanksqo@hubpages.com,Female,103.90.220.49
1962,Man,Gold,mgoldqp@constantcontact.com,Male,87.240.179.228
1963,Jeno,Hauxwell,jhauxwellqq@bloglovin.com,Male,116.202.45.142
1964,Bo,Stirrup,bstirrupqr@51.la,Male,167.83.178.1
1965,Osbourne,Veryan,overyanqs@goodreads.com,Male,184.210.100.44
1966,Omero,Coopey,ocoopeyqt@ucoz.ru,Male,138.207.109.186
1967,Wenda,Edington,wedingtonqu@theguardian.com,Female,130.171.217.185
1968,Arleen,Wynrahame,awynrahameqv@bizjournals.com,Female,44.176.0.87
1969,Valma,Harverson,vharversonqw@tripod.com,Female,238.132.132.12
1970,Lockwood,Wenban,lwenbanqx@tripod.com,Male,149.156.162.252
1971,Howie,Crim,hcrimqy@ucsd.edu,Male,145.251.113.140
1972,Dallas,Bamborough,dbamboroughqz@sciencedaily.com,Male,40.111.217.236
1973,Georgeanna,Ferandez,gferandezr0@cam.ac.uk,Female,75.197.32.54
1974,Ortensia,Seely,oseelyr1@engadget.com,Female,243.239.120.6
1975,Zollie,Rymmer,zrymmerr2@last.fm,Male,35.254.209.34
1976,Wes,Tomlins,wtomlinsr3@deviantart.com,Male,26.120.62.127
1977,Helenka,Jozsef,hjozsefr4@skyrock.com,Female,106.92.207.136
1978,Sayres,Rounce,srouncer5@miitbeian.gov.cn,Male,180.223.165.100
1979,Roanne,Bean,rbeanr6@netvibes.com,Female,1.213.126.150
1980,Nealson,Catford,ncatfordr7@bandcamp.com,Male,130.74.177.77
1981,Luciano,Lafflina,llafflinar8@ifeng.com,Male,187.233.190.88
1982,Christye,Bensusan,cbensusanr9@themeforest.net,Female,158.189.82.127
1983,Farr,Gravenor,fgravenorra@umn.edu,Male,87.37.134.65
1984,Hewitt,Ruseworth,hruseworthrb@sciencedirect.com,Male,22.82.41.81
1985,Enos,Laise,elaiserc@independent.co.uk,Male,247.229.153.21
1986,Rosemarie,Botger,rbotgerrd@globo.com,Female,198.44.174.104
1987,Fania,Curling,fcurlingre@sitemeter.com,Female,90.251.193.82
1988,Phaidra,Lorente,plorenterf@comsenz.com,Female,242.85.212.136
1989,Francois,Pimblotte,fpimblotterg@stumbleupon.com,Male,185.14.144.101
1990,Mandie,Wetherill,mwetherillrh@amazon.com,Female,94.87.68.116
1991,Wilmar,Habershaw,whabershawri@csmonitor.com,Male,123.46.66.249
1992,Pierrette,Abrahmson,pabrahmsonrj@nature.com,Female,135.207.53.96
1993,Joseito,Maw,jmawrk@symantec.com,Male,161.16.173.165
1994,Evangelina,Harvey,eharveyrl@jigsy.com,Female,50.170.26.40
1995,Cindie,Strutz,cstrutzrm@macromedia.com,Female,239.79.12.90
1996,Dorise,Arzu,darzurn@examiner.com,Female,207.225.201.240
1997,Gillan,Chastenet,gchastenetro@storify.com,Female,23.187.199.216
1998,Valdemar,Danshin,vdanshinrp@marketwatch.com,Male,143.1.225.205
1999,Tristan,Rodell,trodellrq@princeton.edu,Male,148.108.175.243
2000,Cheryl,MacCrossan,cmaccrossanrr@tinyurl.com,Female,161.63.107.8
